Horner_Adams_Taxon,Species,Ecotype,SVL,FL,RL,HL,HH,HW,SE,CHEEK,NECK
megaA3,Wulbu,saxicolous,39.04,13.7,17.76,7.42,2.51,5.22,3.2,4.22,9.98
megaA3,Wulbu,saxicolous,36.07,13.72,16.71,7.25,2.77,4.43,3.14,4.11,7.99
megaA3,Wulbu,saxicolous,34.93,14.33,17.12,6.94,2.52,4.41,3.24,3.7,8.61
megaA3,Wulbu,saxicolous,37.35,13.68,16.18,7.1,2.41,4.85,3.28,3.82,8.4
megaA3,Wulbu,saxicolous,33.3,13.01,17.02,6.8,2.32,4.59,3.17,3.63,7.93
megaA3,Wulbu,saxicolous,35.14,14.11,16.71,7,2.57,4.64,3.39,3.61,7.3
megaA3,Wulbu,saxicolous,36.96,13.12,16.55,7.24,2.42,4.61,3.26,3.98,8.22
megaA3,Wulbu,saxicolous,33.96,14,17.14,7.05,2.58,4.47,2.87,4.18,8.52
megaA3,Wulbu,saxicolous,35.63,13.84,17.06,7.34,2.28,4.61,3.2,4.14,7.29
megaA3,Wulbu,saxicolous,36.27,13.68,17.25,7.35,2.42,4.55,3.28,4.07,8.12
megaA3,Wulbu,saxicolous,34.8,13.44,16.33,6.73,2.5,4.72,2.84,3.89,8.13
megaA4,Megastictus,saxicolous,40.5,14.53,17.44,8.61,2.61,5.65,4.02,4.59,8.64
megaA4,Megastictus,saxicolous,36.94,12.8,16.64,8.16,2.69,5.1,3.46,4.7,7.52
megaA4,Megastictus,saxicolous,26.38,9.35,12.07,6.03,1.67,3.43,2.73,3.3,5.75
megaA4,Megastictus,saxicolous,40.18,15.04,17.8,8.73,3.09,5.25,3.86,4.87,8.44
megaA4,Megastictus,saxicolous,37.73,13.5,16.66,8.22,3.14,4.56,3.61,4.61,8.58
megaA4,Megastictus,saxicolous,33.58,13.15,15.27,7.44,2.17,4.32,3.55,3.89,6.7
megaA4,Megastictus,saxicolous,34.13,13.07,15.34,7.27,2.23,4.4,3.18,4.09,6.75
megaA4,Megastictus,saxicolous,32.08,11.87,14.17,7.05,2.4,4.32,3.16,3.89,6.55
megaA4,Megastictus,saxicolous,29.84,11.27,13.42,6.54,2.22,3.85,2.81,3.73,6.02
megaA1,Daedalos,saxicolous,40.78,15,18.82,8.66,3.14,4.96,3.81,4.85,9.04
megaA1,Daedalos,saxicolous,37.4,14.41,18.17,8.07,2.75,4.39,3.52,4.55,7.95
megaA1,Daedalos,saxicolous,39.56,13.41,18.08,7.94,2.93,4.95,3.34,4.6,8.84
megaA1,Daedalos,saxicolous,30.49,11.88,15.03,7.01,2.54,4.41,3.11,3.9,6.06
megaA1,Daedalos,saxicolous,32.92,12.52,15.37,7.32,2.95,4.48,3.32,4,6.58
megaA1,Daedalos,saxicolous,36.57,13.34,16.96,7.8,3.17,4.89,3.53,4.27,7.2
megaA1,Daedalos,saxicolous,27.73,10.98,13.1,6.46,2.27,3.84,3.06,3.4,5.59
megaA1,Daedalos,saxicolous,39.48,14.55,18.32,8.28,3.02,4.99,3.81,4.47,7.37
megaA1,Daedalos,saxicolous,38.27,14.76,17.76,8.15,2.95,4.77,3.77,4.38,8.5
megaA1,Daedalos,saxicolous,34.77,13.75,16.98,7.59,2.75,4.19,3.37,4.22,7.39
megaA1,Daedalos,saxicolous,34.48,14.61,16.6,8.26,2.74,4.55,3.58,4.68,8.33
megaA1,Daedalos,saxicolous,30.15,11.22,14.27,6.66,1.89,3.93,3.05,3.61,7.7
megaA1,Daedalos,saxicolous,38.08,14.73,17.92,8.08,3.38,4.57,3.64,4.44,7.48
megaA1,Daedalos,saxicolous,33.72,12.31,14.73,7.31,2.45,4.11,3.25,4.06,7.49
megaA1,Daedalos,saxicolous,37.08,13.64,16.96,7.5,2.45,4.07,3.18,4.32,8.03
megaA2,Juno,saxicolous,35.63,14.56,17.85,7.76,2.05,4.83,3.43,4.33,7.61
megaA2,Juno,saxicolous,38.34,15.86,19.48,8.41,2.64,4.61,3.95,4.46,8.05
megaA2,Juno,saxicolous,39.14,15.34,19.98,8.8,3.09,5.37,3.9,4.9,7.52
megaA2,Juno,saxicolous,37.17,14.08,18.58,8.13,2.94,4.4,3.58,4.55,8.29
megaA2,Juno,saxicolous,42.25,16.46,19.29,8.91,3.23,4.82,3.92,4.99,9.05
megaA2,Juno,saxicolous,39.53,13.81,16.77,7.84,2.81,4.54,3.65,4.19,8.64
megaA2,Juno,saxicolous,31.92,11.9,15.91,6.87,2.2,4.16,3.22,3.65,7.31
megaA2,Juno,saxicolous,31.5,12.14,14.46,6.92,2.24,4.16,3.26,3.66,7.88
megaA2,Juno,saxicolous,40.6,15.75,21.12,8.61,2.99,5.2,3.84,4.77,8.63
megaA2,Juno,saxicolous,38.44,12.75,17.7,8.15,3.35,4.52,3.85,4.3,7.21
megaA2,Juno,saxicolous,34.3,12.76,15.34,7.54,2.71,4.31,3.39,4.15,7.27
megaA2,Juno,saxicolous,43.07,15.55,17.6,9.11,2.86,5.46,4.39,4.72,9.49
megaA2,Juno,saxicolous,39.27,15,18.27,8.57,2.51,4.83,3.84,4.73,8.97
megaA2,Juno,saxicolous,41.07,15.25,18.28,8.41,3.45,4.9,3.97,4.44,8.94
megaA2,Juno,saxicolous,40.13,13.73,17.02,8,2.67,4.47,3.47,4.53,8.33
megaA2,Juno,saxicolous,38.07,13.73,16.81,7.47,2.6,4.04,3.24,4.23,7.26
megaA2,Juno,saxicolous,34.55,13.45,16.08,7.22,2.54,3.88,3.36,3.86,7.49
megaA2,Juno,saxicolous,33.03,12.03,14.59,6.6,2.4,4.13,3.16,3.44,6.83
megaA2,Juno,saxicolous,28.37,10.7,12.31,6.22,1.78,3.95,2.64,3.58,6
megaA2,Juno,saxicolous,36.49,13.7,17.36,7.16,2.82,4.35,3.59,3.57,7.67
megaA2,Juno,saxicolous,36.3,14.72,17.4,7.9,3.11,4.2,3.41,4.49,7.15
megaA2,Juno,saxicolous,29.7,11.2,14.82,7.12,2.02,4.22,3.23,3.89,6.73
megaA2,Juno,saxicolous,38.36,13.96,17.97,8.17,2.9,4.53,3.65,4.52,8.17
megaA2,Juno,saxicolous,32.95,12.08,15.07,7.15,2.05,4.7,3.24,3.91,6.55
megaA2,Juno,saxicolous,36.29,12.1,15.95,7.83,2.66,4.44,3.74,4.09,8.03
megaA2,Juno,saxicolous,40.28,14.21,17.07,7.92,2.08,4.64,3.33,4.59,8.95
megaA2,Juno,saxicolous,38.8,14.06,17.12,8.4,3.13,5.12,3.64,4.76,6.91
megaA2,Juno,saxicolous,34.78,13.14,15.6,7.41,2.41,4.28,3.38,4.03,8
megaA2,Juno,saxicolous,33.5,13.31,16.7,7.27,2.44,4.44,3.28,3.99,9.15
megaA2,Juno,saxicolous,36.1,14.5,17.33,7.84,2.46,4.51,3.73,4.11,7.74
megaA2,Juno,saxicolous,32.04,13.41,16.74,7,2.31,4.04,3.08,3.92,6.4
megaA2,Juno,saxicolous,36.82,14.72,17.73,8.11,2.6,4.4,3.7,4.41,7.66
megaA2,Juno,saxicolous,37.43,15.04,18,8.21,3.19,4.93,3.78,4.43,8.87
megaA2,Juno,saxicolous,38.97,13.77,17.24,8.08,2.63,4.6,3.7,4.38,7.92
megaA2,Juno,saxicolous,40.75,15.36,18.14,8.44,3.04,4.88,3.6,4.84,8.66
megaA2,Juno,saxicolous,39.63,14.81,18.7,7.8,2.87,4.57,3.51,4.29,8.71
plagA1,Ruber,arboreal,41.62,14.55,18,8.7,3.35,5.21,3.93,4.77,8.01
plagA1,Ruber,arboreal,46.6,15.42,18.25,9.4,3.72,5.64,3.9,5.5,9.96
plagA1,Ruber,arboreal,42.58,15.55,19.48,9.38,3.97,5.97,4.16,5.22,9.73
plagA1,Ruber,arboreal,41.73,14.3,17.95,9,3.96,5.44,3.84,5.16,8.91
plagA1,Ruber,arboreal,43.61,14.6,16.7,8.68,3.56,5.05,3.7,4.98,8.49
plagA1,Ruber,arboreal,39.3,14.58,18.02,8.46,3.51,5.27,3.75,4.71,8.66
plagA1,Ruber,arboreal,45.24,15.83,18.01,8.93,3.81,5.02,3.86,5.07,8.38
plagA1,Ruber,arboreal,37.32,12.37,15.05,8.04,3.12,5.1,3.56,4.48,7.73
plagA1,Ruber,arboreal,42,14.94,18.78,9.05,4.03,5.52,3.99,5.06,9.35
plagA1,Ruber,arboreal,38.42,14.09,16.84,8.33,3.08,5.03,3.73,4.6,7.9
plagA1,Ruber,arboreal,40.09,13.5,16.92,8.62,3.69,5.22,3.8,4.82,8.38
plagA1,Ruber,arboreal,44.03,14.08,17.73,8.79,3.87,5.63,4.1,4.69,9.57
plagA1,Ruber,arboreal,31.45,10.73,12.25,6.85,2.67,4.49,3.07,3.78,7.18
plagA1,Ruber,arboreal,38.11,13.6,15.88,8.3,3.44,4.68,3.63,4.67,9.55
plagA1,Ruber,arboreal,41.72,14.24,17,8.43,3.6,4.8,3.83,4.6,8.69
plagA1,Ruber,arboreal,44.77,14.61,18.45,8.89,4.17,5.06,3.87,5.02,8.83
plagA1,Ruber,arboreal,39.38,14.06,17.13,8.06,3.47,4.78,3.49,4.57,8.41
plagA1,Ruber,arboreal,37.71,12.94,16.33,8,3.39,4.77,3.67,4.33,8.56
plagA1,Ruber,arboreal,47.24,14.82,17.35,9.42,3.98,5.63,3.95,5.47,9.43
plagA1,Ruber,arboreal,45.42,15.77,18.62,9.85,4.61,6.64,4.68,5.17,10.1
plagA1,Ruber,arboreal,40.2,13.82,16.06,8.34,3.72,4.72,3.63,4.71,8.33
plagA1,Ruber,arboreal,39.58,14.06,17.87,8.79,3.53,5.12,3.99,4.8,8.91
plagA2,Ruber,arboreal,40.26,13.27,16.9,8.78,3.4,5.23,3.97,4.81,8.25
plagA2,Ruber,arboreal,36.24,12.54,15.25,7.96,2.94,4.9,3.6,4.36,8.08
plagA2,Ruber,arboreal,39.62,13.78,17.93,8.6,3.7,5.34,3.83,4.77,7.8
plagA2,Ruber,arboreal,39.07,12.46,14.03,8.6,3.57,4.94,3.68,4.92,7.58
plagA2,Ruber,arboreal,39.27,13.13,15.54,7.78,3.77,4.81,3.61,4.17,7.5
plagA3,Ruber,arboreal,47.24,14.28,17.53,9.64,3.8,5.4,4.47,5.17,9.06
plagA3,Ruber,arboreal,38.28,13.05,16.35,8.73,3.42,4.68,3.87,4.86,6.93
plagA3,Ruber,arboreal,37.95,13,15.6,8.43,3.64,4.64,3.76,4.67,8.87
plagA3,Ruber,arboreal,40.58,13.3,16.88,9.05,4.05,5.3,3.95,5.1,7.98
plagA4,buchananii,arboreal,41.22,14.52,16.67,8.61,3.84,5.89,3.81,4.8,7.83
plagA4,buchananii,arboreal,45.07,16.07,18.62,8.94,3.85,5.72,3.97,4.97,10.03
plagA4,buchananii,arboreal,42.3,14.87,18.42,8.29,3.43,5.23,3.61,4.68,8.35
plagA4,buchananii,arboreal,38.8,13.21,16.73,8.44,3.6,5.13,3.78,4.66,9.35
plagA4,buchananii,arboreal,44.96,14.55,18.67,9.18,3.3,5.72,3.95,5.23,10.14
plagA4,buchananii,arboreal,42.86,14.47,17.17,9.34,3.79,5.84,4.1,5.24,9.68
plagA4,buchananii,arboreal,39.81,13.49,16.5,8.49,3.5,5.2,3.67,4.82,9.14
plagA4,buchananii,arboreal,34.86,13,15.5,7.98,3.24,4.95,3.66,4.32,7.61
plagA4,buchananii,arboreal,37.52,13.69,16.8,8.14,3.22,4.88,3.87,4.27,8.24
plagA4,buchananii,arboreal,40.24,13.35,15.4,8.42,3.74,5.14,3.85,4.57,9.22
plagA4,buchananii,arboreal,38.03,13.25,15.7,8.43,3.43,5.11,3.75,4.68,7.88
plagA4,buchananii,arboreal,44.76,13.95,16.73,9,3.64,5.44,4.19,4.81,9.78
plagA4,buchananii,arboreal,38.6,12.16,15.68,8.32,3.3,4.6,3.78,4.54,8.66
plagA4,buchananii,arboreal,36.69,14.61,16.23,7.96,3.39,4.92,3.39,4.57,7.68
plagA4,buchananii,arboreal,28.32,10.15,12.18,6.48,2.3,3.65,2.95,3.53,6.89
plagA4,buchananii,arboreal,41.78,13.24,16.38,8.4,3.3,5.06,3.63,4.77,9.88
plagA4,buchananii,arboreal,43.31,14.07,18.7,9.1,3.58,5.5,4.11,4.99,9.94
plagA4,buchananii,arboreal,39.4,12.71,17.23,8.45,3.37,5.06,3.68,4.77,8.3
plagA4,buchananii,arboreal,40.3,14.44,17.9,8.62,3.9,5.31,3.74,4.88,8.08
plagA4,buchananii,arboreal,44.8,14.86,18.38,9.43,4.15,6.08,4.12,5.31,9.27
plagA4,buchananii,arboreal,43.26,13.73,16.92,8.23,3.42,5.25,3.49,4.74,8.37
plagA4,buchananii,arboreal,42.6,13.64,16.26,8.13,2.8,5.42,3.58,4.55,8.95
plagA4,buchananii,arboreal,40.32,13.3,15.87,8.09,3.3,4.84,3.67,4.42,8.41
plagA4,buchananii,arboreal,41.6,13.95,16.42,8.24,3.01,5.27,3.74,4.5,8.3
plagA4,buchananii,arboreal,37.97,12.06,15.32,7.6,3.11,4.54,3.45,4.15,7.73
plagA4,buchananii,arboreal,44.23,13.9,17.2,9.17,3.9,5.67,4.02,5.15,9.18
plagA4,buchananii,arboreal,41.05,13.72,17.43,8.67,3.57,5.2,3.65,5.02,7.96
plagA4,buchananii,arboreal,41.54,15.57,18.2,9.04,3.75,5.24,4.07,4.97,9.68
plagA4,buchananii,arboreal,43.6,13.88,16.61,8.51,3.4,5.3,3.9,4.61,8.57
plagA4,buchananii,arboreal,43.3,14.28,15.9,8.46,3.32,4.88,3.88,4.58,8.67
plagA4,buchananii,arboreal,38.1,13.88,16.14,8.04,3.4,4.97,3.55,4.49,8.26
plagA4,buchananii,arboreal,43.43,14.2,17.46,8.64,4.26,5.54,3.84,4.8,8.4
plagA4,buchananii,arboreal,45.13,13.56,17,8.96,3.32,5.6,3.92,5.04,9.34
plagA4,buchananii,arboreal,39.76,12.8,16.6,8.34,3.83,5.03,4,4.34,8.93
plagA4,buchananii,arboreal,43,13.35,16.74,8.8,3.7,5.4,4.07,4.73,9.33
plagA4,buchananii,arboreal,49.3,13.38,16.77,9.21,4.15,5.92,4.15,5.06,8.75
plagA4,buchananii,arboreal,39.88,13.91,17.23,8.61,4.06,5.2,3.54,5.07,8.55
plagA4,buchananii,arboreal,44,13.4,17.1,9.14,4,5.46,4.05,5.09,8.27
plagA4,buchananii,arboreal,41.45,14.09,17.15,9,3.43,5.81,4.06,4.94,10.23
plagA4,buchananii,arboreal,37.92,13.93,16.94,8.3,2.82,4.83,3.72,4.58,8.68
plagA4,buchananii,arboreal,40.08,13.72,16.56,8.28,3.38,5,3.93,4.35,8.56
plagA4,buchananii,arboreal,38.08,13.2,15.5,7.76,3.36,4.79,3.64,4.12,8.25
plagA4,buchananii,arboreal,42.12,13.46,16.05,8.49,3.63,5.51,3.71,4.78,8.19
plagA4,buchananii,arboreal,42.06,14.12,17.2,8.7,3.16,5.3,3.9,4.8,9.21
plagA5,metallicus,arboreal,38.4,12.28,15.12,8.34,3.32,5.01,3.7,4.64,8.34
plagA5,metallicus,arboreal,30.33,9.88,12.2,6.77,2.41,4.15,2.98,3.79,6.17
plagA5,metallicus,arboreal,35.56,12.3,14.41,7.71,2.96,4.42,3.27,4.44,6.55
plagA5,metallicus,arboreal,35.78,12.66,14.92,8.09,3.44,4.78,3.6,4.49,7.71
plagA5,metallicus,arboreal,34.29,12.59,14.67,7.76,3.21,4.38,3.41,4.35,7.24
plagA5,metallicus,arboreal,36.25,12,15.37,7.83,3.32,4.46,3.55,4.28,7.77
plagA5,metallicus,arboreal,39.98,13.5,17.04,7.86,3.32,4.63,3.35,4.51,8.08
plagA5,metallicus,arboreal,39.65,12.37,16.8,7.9,3,4.48,3.45,4.45,8.34
plagA5,metallicus,arboreal,30.77,11.11,12.74,6.81,2.5,4.02,2.95,3.86,6.23
plagA5,metallicus,arboreal,39.37,13.83,17.33,8.4,3.4,5.1,3.58,4.82,8.26
plagA5,metallicus,arboreal,39,13.35,17.8,8.9,3.33,5.33,3.97,4.93,8.5
plagA5,metallicus,arboreal,38.19,12.8,15,8.01,3,4.53,3.58,4.43,7.79
plagA5,metallicus,arboreal,39.9,14.52,17.11,8.48,3.67,5.32,3.84,4.64,9.44
plagA5,metallicus,arboreal,41.96,13.11,15.84,8.36,3.41,4.51,3.36,5,8.15
plagA5,metallicus,arboreal,39.2,13.23,15.6,8.04,3.28,4.53,3.6,4.44,8.51
plagA5,metallicus,arboreal,43.15,13.84,16.18,8.4,3.51,5.09,3.98,4.42,9.16
plagA5,metallicus,arboreal,41.87,13.45,15.36,8.48,3.44,5.28,3.93,4.55,8.57
plagA5,metallicus,arboreal,42.04,13.74,17.24,9.07,4.09,5.48,3.92,5.15,10.28
plagA5,metallicus,arboreal,29.64,9.95,12.7,7.04,2.52,4.09,3.01,4.03,6.89
plagA5,metallicus,arboreal,43.15,13.83,17.52,8.83,3.72,5.46,3.96,4.87,9.51
plagA5,metallicus,arboreal,42.15,14.28,17.5,8.7,3.82,5.52,3.83,4.87,8.23
plagA5,metallicus,arboreal,40.7,15.21,17.92,8.84,3.51,5.16,3.83,5.01,9.06
plagA5,metallicus,arboreal,46,14.05,17.7,9.42,3.8,5.48,4.05,5.37,8.51
plagA5,metallicus,arboreal,45.3,14.32,17.13,9.35,4.07,5.37,4.09,5.26,9.28
plagA5,metallicus,arboreal,38.8,13.08,16.84,8.83,3.54,4.84,3.93,4.9,8.35
plagA5,metallicus,arboreal,32.36,12.78,14.63,7.41,2.88,4.36,3.21,4.2,6.94
plagA5,metallicus,arboreal,40.95,12.7,15.34,8.17,3.17,4.82,3.54,4.63,8.63
plagA5,metallicus,arboreal,38.02,13.77,16.53,8.38,3.16,4.97,3.53,4.85,7.37
plagA5,metallicus,arboreal,36.12,12.48,16.41,7.76,3.53,4.65,3.44,4.32,7.24
plagA5,metallicus,arboreal,31.35,11.03,14.26,7.13,2.75,4.19,3,4.13,6.44
plagA5,metallicus,arboreal,29.8,9.76,12.33,6.7,2.5,3.65,2.85,3.85,6.27
plagA5,metallicus,arboreal,28.44,9.27,11.9,6.5,2.47,3.87,3.26,3.24,6.45
plagA5,metallicus,arboreal,37.22,12.1,15.75,8.09,3.07,5.08,3.6,4.49,7.51
plagA5,metallicus,arboreal,35.78,12.34,16.17,7.93,3.24,4.5,3.44,4.49,6.7
plagA5,metallicus,arboreal,41.8,14.64,16.72,8.94,3.63,5.67,3.84,5.1,8.28
plagA5,metallicus,arboreal,38.51,13.58,16.1,8.65,3.54,5.16,3.7,4.95,7.95
plagA5,metallicus,arboreal,35.5,12.52,15.8,7.84,3.14,4.74,3.62,4.22,7.16
plagA5,metallicus,arboreal,32.67,11.9,13.88,7.06,2.55,4.52,3.16,3.9,6.73
plagA5,metallicus,arboreal,40.8,13.62,17.6,8.98,3.79,5.33,4.01,4.97,7.55
plagA5,metallicus,arboreal,39.06,14.28,16.68,8.31,3.37,5.03,3.55,4.76,7.52
plagA5,metallicus,arboreal,39.5,13.04,16.48,8.39,3.39,5.1,3.68,4.71,9
plagA5,metallicus,arboreal,41.77,13.55,16.2,8.16,3.05,4.97,3.83,4.33,7.85
plagA5,metallicus,arboreal,37.67,12,14.67,7.88,3.03,4.45,3.84,4.04,8.22
plagA5,metallicus,arboreal,37.71,13.47,15.48,8.57,2.71,5.07,3.87,4.7,7.85
plagA5,metallicus,arboreal,40.71,14.13,17.57,9.22,3.27,4.83,4.15,5.07,9.3
plagA5,metallicus,arboreal,47.88,14.53,17.96,9.59,4.1,6,4.52,5.07,8.93
plagA5,metallicus,arboreal,38.62,12.37,14.96,8.25,3.54,5.15,3.9,4.35,8.26
plagA5,metallicus,arboreal,29.64,9.08,13.45,7.07,2.51,3.99,3.14,3.93,6.42
plagA5,metallicus,arboreal,29,9.88,12.37,6.75,2.7,3.9,3.02,3.73,7.05
plagA5,metallicus,arboreal,39.54,14.03,17.73,8.6,3.57,4.91,3.78,4.82,9.58
plagA5,metallicus,arboreal,39.02,11.94,15.2,8.21,3.28,4.98,3.63,4.58,8.09
plagA5,metallicus,arboreal,41.25,14.23,16.2,8.5,3.76,5.07,3.58,4.92,9.65
plagA5,metallicus,arboreal,39.56,13.68,16.73,8.64,3.64,5.26,3.6,5.04,9.29
plagA5,metallicus,arboreal,36.24,12.3,15.3,7.71,2.93,4.5,3.35,4.36,7.52
plagA5,metallicus,arboreal,36.47,12.8,16.44,7.81,3.51,4.6,3.52,4.29,8.04
plagA5,metallicus,arboreal,38.19,12.6,15.44,7.72,3.15,4.49,3.39,4.33,8.47
plagA5,metallicus,arboreal,37.3,11.96,15.2,7.82,2.97,4.48,3.43,4.39,7.89
plagA5,metallicus,arboreal,27.85,9.6,12.55,6.64,2.53,3.84,3.08,3.56,5.36
plagA5,metallicus,arboreal,33.27,11.8,14.32,7.27,2.68,4.16,3.42,3.85,7.26
plagA5,metallicus,arboreal,37.4,12.92,16.4,8.05,2.91,4.6,3.46,4.59,8.22
plagA5,metallicus,arboreal,39.37,13.44,16.74,8.57,3.3,5.13,3.73,4.84,8.58
plagA5,metallicus,arboreal,29.74,10.5,13.05,6.58,2.82,3.71,2.9,3.68,6.54
plagA5,metallicus,arboreal,41.92,13.42,17.18,8.4,3.68,5.27,3.72,4.68,9.54
plagA5,metallicus,arboreal,44.4,15.01,18.1,9.02,4.4,6.26,4.16,4.86,9.86
plagA5,metallicus,arboreal,40.77,15.24,17.66,8.7,4.17,6.09,4.03,4.67,9.59
plagA5,metallicus,arboreal,30.31,10.33,12.25,6.74,2.63,3.87,3.05,3.69,6.66
plagA5,metallicus,arboreal,36.42,13.32,15.92,8.16,3.1,4.72,3.74,4.42,7.98
plagA5,metallicus,arboreal,36.19,14.48,15.93,8.14,3.21,4.62,3.56,4.58,7.42
plagA5,metallicus,arboreal,37.47,13.74,17.01,8.85,3.54,5,3.96,4.89,8.42
plagA5,metallicus,arboreal,36.8,13.07,15.9,8,3.8,4.99,3.45,4.55,7.21
plagA5,metallicus,arboreal,44.88,13.44,17.69,9.27,4.56,5.71,4.31,4.96,9.43
plagA5,metallicus,arboreal,40.55,12.65,14.67,8.43,3.9,5.43,3.81,4.62,7.7
plagA5,metallicus,arboreal,36.92,12.37,16.01,7.83,3.51,4.79,3.87,3.96,6.62
plagA5,metallicus,arboreal,40.83,12.35,15.77,8.3,3.81,5.36,4.07,4.23,7.1
plagA5,metallicus,arboreal,36.55,12.8,15.2,7.91,3.34,4.79,3.81,4.1,6.37
plagA5,metallicus,arboreal,44.64,13.4,16.2,8.7,4.1,5.5,4,4.7,8.3
plagA5,metallicus,arboreal,47.15,14.35,18.57,9.4,4.17,5.74,4.64,4.76,8.79
plagA5,metallicus,arboreal,40.7,12.85,15.63,9.14,3.59,5.28,3.94,5.2,8.54
plagA5,metallicus,arboreal,40.84,12.85,15.97,8.13,3.44,4.67,3.92,4.21,7.61
plagA5,metallicus,arboreal,38.66,12.84,16.6,8.4,3.43,5.19,3.67,4.73,7.65
plagA5,metallicus,arboreal,40.77,12.87,17.35,9.13,3.94,5.6,4.23,4.9,8.49
plagA5,metallicus,arboreal,40.78,12.54,14.85,7.8,3.28,4.57,3.48,4.32,8.45
plagA5,metallicus,arboreal,40.78,14.09,16.6,8.8,3.77,5.36,3.87,4.93,9.05
plagA5,metallicus,arboreal,43.18,13.93,17.17,9.05,3.57,5.38,3.85,5.2,9.08
plagA5,metallicus,arboreal,40.56,14.01,16.26,8.47,3.43,5.13,3.97,4.5,8.83
plagA5,metallicus,arboreal,37.73,12.35,15.54,8.8,3.98,5.66,4.11,4.69,7.94
plagA5,metallicus,arboreal,37.66,12.68,16.86,8.86,4.04,5.24,4.26,4.6,7.87
plagA5,metallicus,arboreal,34.06,12.92,14.76,7.53,3.91,4.75,3.7,3.83,6.46
plagA5,metallicus,arboreal,38.48,13.84,17.13,8.8,4.06,5.68,4.15,4.65,7.58
plagA5,metallicus,arboreal,36.16,12.96,15.58,8.04,3.99,5.11,4.06,3.98,6.62
plagA5,metallicus,arboreal,37.15,14.11,16.92,8.59,3.38,4.89,3.88,4.71,7.61
plagA5,metallicus,arboreal,43.44,14.82,18.61,9.06,4.5,5.63,4.28,4.78,8.77
plagA5,metallicus,arboreal,36.7,13.99,16.04,8.28,4.18,5.4,3.86,4.42,7.88
plagA5,metallicus,arboreal,42.93,13.61,17.13,8.9,3.32,5.14,4.14,4.76,7.7
plagA5,metallicus,arboreal,37.96,13.25,16.6,7.97,3.39,4.62,3.52,4.45,8.13
plagA5,metallicus,arboreal,37.64,13.11,16.29,8,3.32,4.56,3.48,4.52,8.15
plagA5,metallicus,arboreal,37.07,12.36,14.5,7.97,3.53,4.63,3.4,4.57,8.25
plagA5,metallicus,arboreal,38.16,12.37,15.43,7.97,3.27,4.83,3.49,4.48,8.69
plagA5,metallicus,arboreal,39.1,13.51,15.65,7.6,2.89,4.6,3.43,4.17,8.77
plagA5,metallicus,arboreal,40.27,13.84,16.77,8.18,3.4,4.91,3.73,4.45,8.59
plagA5,metallicus,arboreal,39.55,13.33,16.48,7.96,3.56,5.24,3.67,4.29,9.11
plagA5,metallicus,arboreal,43.3,13.37,16.66,8.72,4.14,5.31,3.98,4.74,9.77
plagA5,metallicus,arboreal,45.53,13.26,16.55,8.82,3.98,5.5,3.82,5,8.81
plagA5,metallicus,arboreal,42.07,13.33,16.71,8.58,3.68,5.07,3.97,4.61,9.5
plagA5,metallicus,arboreal,44.18,14.45,18.39,9.52,4.01,5.94,4.41,5.11,10.1
plagA5,metallicus,arboreal,44.31,13.45,16.11,8.79,3.85,5.07,4.09,4.7,8.79
plagA5,metallicus,arboreal,39.33,13.4,16.34,8.34,3.57,5.11,3.65,4.69,9.07
plagA5,metallicus,arboreal,40.95,12.85,16.47,8.23,4.03,4.99,3.87,4.36,8.69
plagA5,metallicus,arboreal,42.09,13.3,15.06,8.31,3.68,4.97,3.78,4.53,8.98
plagA5,metallicus,arboreal,34.48,11.58,14.73,7.48,3.35,4.28,3.33,4.15,7.47
plagA5,metallicus,arboreal,30.37,10.25,11.52,6.69,2.66,4,2.97,3.72,7.01
plagA5,metallicus,arboreal,37.2,12.93,15.18,8.36,3.57,5.09,3.57,4.79,8.19
plagA5,metallicus,arboreal,39.72,12.04,15.48,7.84,3.56,4.95,3.3,4.54,8.26
plagA5,metallicus,arboreal,39.54,12.33,16.35,8.12,3.76,4.75,3.52,4.6,8.16
plagA5,metallicus,arboreal,40.95,13.85,16.55,8.22,3.43,5.21,3.87,4.35,8.65
plagA5,metallicus,arboreal,41.68,14.69,17.23,9.22,4.41,5.54,4.62,4.6,8.41
plagA5,metallicus,arboreal,44.9,13.72,16.32,9.54,3.99,5.76,4.64,4.9,9.6
carnD,australis,arboreal,40.92,12.7,17.04,8.64,3.54,5.31,3.92,4.72,9.21
carnD,australis,arboreal,39.82,14.2,18.14,8.56,3.63,5.5,3.8,4.76,8.97
carnD,australis,arboreal,37.05,13.12,16.09,8.01,2.88,4.93,3.47,4.54,7.28
carnD,australis,arboreal,31.88,10.83,13.17,7.02,2.71,4.25,3.21,3.81,6.48
carnD,australis,arboreal,32.83,11.67,15.26,7.34,3.15,4.3,3.22,4.12,7.39
carnD,australis,arboreal,43.97,14.11,17.43,8.76,3.97,5.6,3.64,5.12,8.07
carnD,australis,arboreal,45.18,14.45,18.04,8.77,3.78,5.46,4.05,4.72,8.83
carnD,australis,arboreal,44.7,14.48,17.07,8.97,3.8,5.54,3.76,5.21,8.86
carnD,australis,arboreal,44.24,13.98,17.58,8.82,3.35,5.85,3.8,5.02,8.59
carnD,australis,arboreal,37.84,13.96,16.48,8.48,3.27,5.5,3.64,4.84,7.29
carnD,australis,arboreal,41.03,14.45,17.22,8.73,3.46,5.55,3.77,4.96,9.13
carnD,australis,arboreal,40.73,14.65,18.42,8.65,3.14,5.61,4.09,4.56,8.91
carnD,australis,arboreal,39.71,13.7,16.57,8.12,3.42,4.74,3.59,4.53,8.37
carnD,australis,arboreal,41.3,14.37,17.8,8.55,3.2,5.25,3.97,4.58,9.15
carnD,australis,arboreal,39.53,13.9,16.53,8.46,3.57,5.18,3.73,4.73,8.76
carnD,australis,arboreal,43.75,14.84,17.02,8.61,4.27,5.7,3.85,4.76,9.22
carnD,australis,arboreal,46.03,14.3,18.31,8.62,3.81,5.05,3.92,4.7,9.7
carnD,australis,arboreal,43.84,13.49,16.77,8.45,3.58,5.19,3.67,4.78,8.5
carnD,australis,arboreal,39.95,12.52,15.87,8.02,3.27,5.15,3.74,4.28,8.48
carnD,australis,arboreal,39.4,14.2,16.21,8.41,3.17,5.2,3.85,4.56,8.71
carnD,australis,arboreal,42.96,13.78,16.48,8.47,3.57,5.13,3.7,4.77,8.74
carnD,australis,arboreal,41.05,13.84,16.3,8.38,3.93,5.3,3.84,4.54,9.07
carnD,australis,arboreal,34.55,12.27,15.09,7.68,3.05,4.38,3.49,4.19,7.65
carnD,australis,arboreal,39.03,14.32,16.9,8.2,3.21,4.75,3.53,4.67,8.31
carnD,australis,arboreal,40.15,13.09,17.9,8.5,3.6,4.75,3.93,4.57,8.5
carnD,australis,arboreal,41.45,12.83,15.64,8.1,3.37,4.87,3.73,4.37,8.86
carnD,australis,arboreal,20.97,7.77,9.8,5.47,1.88,3.28,2.36,3.11,4.76
carnD,australis,arboreal,40.05,14.32,17.6,8.74,4,5.54,3.9,4.84,8.76
carnD,australis,arboreal,40.67,14.12,17.21,8.84,3.7,5.45,3.64,5.2,9.18
carnD,australis,arboreal,40.41,12.69,16.52,9.04,3.31,5.12,4.3,4.74,8.33
carnD,australis,arboreal,39.14,14.16,15.92,8.46,3.44,4.82,3.72,4.74,7.81
carnD,australis,arboreal,40.24,13.6,16.14,8.44,3.44,5.04,4.04,4.4,7.77
carnD,australis,arboreal,39,12.48,15.73,8.2,3.47,4.79,3.7,4.5,8.1
carnD,australis,arboreal,45.48,14.19,17.71,9.05,3.74,5.68,4.41,4.64,8.42
carnD,australis,arboreal,37.37,13.42,16.32,8,3.16,4.78,3.51,4.49,8.68
carnD,australis,arboreal,35.88,11.87,14.57,7.63,3.65,4.65,3.49,4.14,7.67
carnD,australis,arboreal,44.02,14.78,17.81,9.22,3.96,5.95,3.98,5.24,9.01
carnD,australis,arboreal,42.74,14.15,18.49,9.07,3.42,5.72,4.35,4.72,8.63
carnD,australis,arboreal,43.3,14.37,18.35,9.01,4.01,5.78,4.25,4.76,9.15
carnD,australis,arboreal,42.75,14.07,17.07,8.66,4.28,5.74,3.88,4.78,8.75
carnD,australis,arboreal,45.54,14.22,18.87,9.45,4.24,6.07,4.37,5.08,8.86
carnD,australis,arboreal,39.2,14,16.04,8.37,4.44,5.04,3.77,4.6,7.96
carnD,australis,arboreal,39.77,13.6,16.58,8.37,3.56,5.05,3.72,4.65,8.09
carnD,australis,arboreal,42.03,14.52,17.43,8.7,3.65,5.25,3.76,4.94,8.46
carnD,australis,arboreal,38.96,13.95,16.37,8.27,4.27,5.33,3.8,4.47,8.48
carnD,australis,arboreal,40.19,14,17.53,8.53,3.23,5.43,3.83,4.7,8.24
carnD,australis,arboreal,35.23,12.28,15,7.32,3.06,4.4,3.24,4.08,7.04
carnD,australis,arboreal,41.31,14.61,17.2,8.85,3.87,5.4,3.9,4.95,8.78
carnD,australis,arboreal,38.58,12.8,16.5,8.32,3.42,5.19,4.07,4.25,7.72
carnD,australis,arboreal,37.25,12.88,15.63,7.91,3.4,4.4,3.55,4.36,8.21
carnD,australis,arboreal,36.55,12.5,15.93,7.96,3.04,4.56,3.8,4.16,6.96
carnD,australis,arboreal,39.9,12.78,15.9,8,3.48,4.96,3.76,4.24,7.15
carnD,australis,arboreal,40.85,13.08,15.94,8.34,3.54,4.92,3.66,4.68,7.74
carnD,australis,arboreal,36.44,12.92,15.8,8.03,3.02,4.8,3.6,4.43,7.44
carnD,australis,arboreal,41.42,13.93,16.86,8.78,3.66,5.45,3.84,4.94,9.03
carnD,australis,arboreal,41.66,13.04,15.44,8.63,4.26,5.36,3.96,4.67,8.58
carnD,australis,arboreal,37.63,13.12,15.5,8.11,3.27,4.58,3.59,4.52,7.79
carnD,australis,arboreal,41.42,13.54,17.11,8.51,3.55,5.39,3.59,4.92,8.37
carnD,australis,arboreal,34.08,11.82,14.36,7.9,2.53,5.05,3.18,4.72,7.06
carnD,australis,arboreal,40.9,14.34,17.71,7.94,2.73,5.41,3.46,4.48,7.94
carnD,australis,arboreal,41.97,13.99,17.51,8.63,4.23,6.2,3.92,4.71,8.8
carnD,australis,arboreal,44.87,14.6,18.34,8.91,3.81,5.72,3.9,5.01,8.33
carnD,australis,arboreal,46.23,13.85,18.85,9,3.61,5.6,4.08,4.92,8.5
carnD,australis,arboreal,43.88,14.08,18.46,8.93,3.84,6.16,3.95,4.98,8.98
carnD,australis,arboreal,43.31,14.88,18.69,9.17,3.98,5.43,3.87,5.3,8.61
carnD,australis,arboreal,44.97,14.2,18.03,9.08,3.55,5.85,4.02,5.06,8.42
carnD,australis,arboreal,42.95,13.23,16.17,8.42,3.31,5.23,3.64,4.78,8.96
carnD,australis,arboreal,39.86,13.84,16.05,8.06,3.19,4.88,3.66,4.4,8.29
carnD,australis,arboreal,39.94,12.18,16.31,8,3.11,4.85,3.45,4.55,8.27
carnD,australis,arboreal,41.24,13.5,16.07,8.3,3.5,5,3.8,4.5,8.67
carnD,australis,arboreal,40.38,14.73,17.2,8.25,3.45,5.2,3.58,4.67,9.02
carnD,australis,arboreal,42,13.67,17.21,8.1,3.5,5.15,3.65,4.45,9.17
carnD,australis,arboreal,38.2,13.56,16.52,8.3,3.24,5.1,3.46,4.84,8.63
carnD,australis,arboreal,39.98,14.44,17.38,8.36,3.28,5,3.74,4.62,8.52
carnD,australis,arboreal,39.58,13.9,16.42,8.32,3.73,5.05,3.66,4.66,8.68
carnD,australis,arboreal,39.2,12.15,14.58,7.6,3.3,4.64,3.48,4.12,8.61
carnD,australis,arboreal,40.8,13.1,15.19,7.97,3.12,4.62,3.78,4.19,8.59
carnD,australis,arboreal,40.22,12.92,15.43,7.7,3.35,4.62,3.54,4.16,8.8
carnD,australis,arboreal,42.12,14.74,17.72,8.9,3.75,5.34,4.07,4.83,9.76
carnD,australis,arboreal,39.06,13.04,16.95,8.38,3.35,5.09,3.77,4.61,8.82
carnD,australis,arboreal,41.51,12.27,15.78,8.35,3.62,4.97,3.6,4.75,9.16
carnD,australis,arboreal,39.17,12.85,14.87,7.65,3.24,4.63,3.45,4.2,8.92
carnD,australis,arboreal,43.87,12.29,15.68,8.44,3.74,5.41,4.03,4.41,9.13
carnD,australis,arboreal,43.66,14.06,15.13,8.51,3.67,4.97,3.82,4.69,8.21
carnD,australis,arboreal,44.13,14.1,16.74,8.78,3.18,5.52,3.86,4.92,9.42
carnD,australis,arboreal,42.28,13.31,16.57,8.53,3.61,5.45,3.79,4.74,8.68
carnD,australis,arboreal,39.8,13.97,16.2,8.51,3.5,5.48,3.93,4.58,8.42
carnD,australis,arboreal,39.93,14.11,16.97,8.39,3.49,5.5,3.79,4.6,8.98
carnD,australis,arboreal,38.32,13.23,16.11,8.17,3.26,5.4,3.8,4.37,8.31
carnD,australis,arboreal,42.77,14.55,17.09,8.95,3.8,6.56,4.16,4.79,9.41
carnD,australis,arboreal,42.32,14.03,17.12,9.05,3.39,6.14,4.21,4.84,9.2
carnD,australis,arboreal,37.41,13.71,16.83,8.09,3.22,5.4,3.6,4.49,7.36
carnD,australis,arboreal,41.11,13.02,16.49,8.32,3.47,4.87,3.82,4.5,8.52
carnD,australis,arboreal,40.24,13.88,17.53,8.39,3.88,5.11,3.97,4.42,8.78
carnD,australis,arboreal,43.11,14.02,16.2,8.53,3.36,5.32,3.83,4.7,8.69
carnD,australis,arboreal,40.05,14.27,16.75,8.6,3.59,5.5,3.86,4.74,8.16
carnD,australis,arboreal,44.05,13.7,17.25,8.38,3.14,5.51,3.51,4.87,9.55
carnD,australis,arboreal,41.62,13.85,16.63,8.45,3.52,5.15,4,4.45,8.16
plagB,cygnatus,arboreal,37.48,12.43,15.41,7.88,3.4,4.61,3.71,4.17,7.48
plagB,cygnatus,arboreal,38.72,12.68,15.71,8.05,3.4,4.45,3.51,4.54,7.7
plagB,cygnatus,arboreal,32.27,12.28,15.44,7.44,2.83,4.67,3.37,4.07,6.91
plagB,cygnatus,arboreal,39.36,12.2,16.33,8.31,3.28,5.1,3.77,4.54,9.05
plagB,cygnatus,arboreal,39.54,13.77,16.94,8.53,3.56,4.91,3.84,4.69,9.22
plagB,cygnatus,arboreal,38.54,13.33,17.86,8.44,3.42,4.86,3.77,4.67,8.56
plagB,cygnatus,arboreal,40.2,12.64,16,8.25,3,4.66,3.86,4.39,8.65
plagB,cygnatus,arboreal,33.14,12.36,14.26,7.05,2.72,4.17,3.43,3.62,6.74
plagB,cygnatus,arboreal,37.84,12.22,14.6,7.82,3.26,4.58,3.48,4.34,7.83
plagB,cygnatus,arboreal,33.33,11.51,14,7.17,3.07,4.06,3.22,3.95,7.39
plagB,cygnatus,arboreal,37.24,12.96,15.81,8.37,3.44,4.94,3.76,4.61,7.57
plagB,cygnatus,arboreal,31.55,10.87,14.13,7.2,2.67,4.24,3.2,4,6.67
plagB,cygnatus,arboreal,36.85,12.36,15.36,7.92,3.48,4.83,3.5,4.42,8.02
plagB,cygnatus,arboreal,35.13,12.93,15.83,7.72,3,4.43,3.47,4.25,7.79
plagB,cygnatus,arboreal,30.6,10.54,14.26,6.89,2.6,3.88,3.17,3.72,6.31
plagB,cygnatus,arboreal,32.76,10.57,13.87,6.77,2.76,4.04,3.16,3.61,6.73
plagB,cygnatus,arboreal,41.3,13.58,17.5,8.5,3.54,4.7,3.87,4.63,8.83
plagB,cygnatus,arboreal,36.54,13.66,16.67,7.95,3,4.74,3.56,4.39,8.08
plagB,cygnatus,arboreal,35.84,13.78,17,7.42,3,4.14,3.17,4.25,8.63
plagB,cygnatus,arboreal,36.3,11.61,14.92,7.42,3.03,4.14,3.61,3.81,7.82
plagB,cygnatus,arboreal,38.28,14.59,16.46,7.91,3.31,4.69,3.62,4.29,8.99
plagB,cygnatus,arboreal,33.9,11.45,15.24,7,2.77,4.07,3.25,3.75,7.51
plagB,cygnatus,arboreal,31.8,11.18,13.25,7.24,2.82,3.82,3.22,4.02,6.7
plagB,cygnatus,arboreal,37.3,13.21,16.6,8.4,3.04,4.9,3.65,4.75,8.04
plagB,cygnatus,arboreal,34.86,11.72,14.66,7.61,2.96,4.5,3.35,4.26,7.39
plagB,cygnatus,arboreal,40.64,13.14,17.64,8.5,3.44,4.94,3.78,4.72,8.67
plagB,cygnatus,arboreal,39.37,13.38,16.4,8.77,3.6,5.22,3.97,4.8,8.27
plagB,cygnatus,arboreal,34.54,11.53,15.97,7.45,3.02,4.5,3.28,4.17,6.89
plagB,cygnatus,arboreal,39.47,12.64,15.91,8.02,3.22,4.45,3.77,4.25,8.17
plagB,cygnatus,arboreal,35.25,11.63,14.77,7.37,3.06,4.33,3.24,4.13,6.91
plagB,cygnatus,arboreal,36.88,12.74,15.47,8.21,3.33,4.6,3.6,4.61,9.27
plagB,cygnatus,arboreal,39.82,13.61,17.41,8.21,3.22,4.64,3.5,4.71,9.12
plagB,cygnatus,arboreal,39.3,13.95,16.27,8.27,3.3,4.81,3.61,4.66,8.24
plagB,cygnatus,arboreal,41.76,12.11,15.74,8.24,3.96,4.98,3.77,4.47,7.67
plagB,cygnatus,arboreal,38.89,12.17,15.24,7.71,3.42,4.94,3.59,4.12,6.53
plagB,cygnatus,arboreal,33.36,11,13.9,7.42,3.52,4.5,3.57,3.85,6.69
plagB,cygnatus,arboreal,38.17,11.6,15.34,7.61,4.03,4.76,3.73,3.88,7.39
plagB,cygnatus,arboreal,36.88,13.13,16.43,7.83,3.67,4.91,3.61,4.22,7.57
plagB,cygnatus,arboreal,32.41,12.1,15,7.3,3.31,4.41,3.54,3.76,6.54
plagB,cygnatus,arboreal,35.96,11.46,14.67,7.75,3.57,4.53,3.61,4.14,6.72
plagB,cygnatus,arboreal,38.18,13.65,16.1,8.14,4.19,5.31,3.66,4.48,7.62
plagB,cygnatus,arboreal,35.47,11.92,14.91,7.69,3.61,4.72,3.56,4.13,7.26
plagB,cygnatus,arboreal,34.03,11.61,14.63,7.47,3.14,4.7,3.48,3.99,7.02
plagB,cygnatus,arboreal,42.05,12.92,16.85,8.09,4.74,5.34,3.95,4.14,7.6
plagB,cygnatus,arboreal,37.42,13.3,16.55,7.92,3.66,4.96,3.6,4.32,7.48
plagB,cygnatus,arboreal,41.16,14.05,16.4,8.45,4.1,5.16,4.08,4.37,9.01
plagB,cygnatus,arboreal,41.35,12.99,15.53,8.48,3.97,5.56,4.08,4.4,8.32
plagB,cygnatus,arboreal,37.93,14.06,15.46,8.26,3.96,5.15,3.78,4.48,7.1
plagB,cygnatus,arboreal,38.99,13.24,16.59,8.32,3.86,5.24,3.84,4.48,8.95
plagB,cygnatus,arboreal,38.09,12.91,16.22,7.99,3.47,4.88,3.78,4.21,7.84
plagB,cygnatus,arboreal,34.47,12.59,16.48,8.29,3.67,5.5,3.87,4.42,7.98
plagB,cygnatus,arboreal,37.02,12.85,15.68,7.84,3.87,4.88,3.8,4.04,7.9
plagB,cygnatus,arboreal,37.33,13.65,16.85,8.04,3.8,5.25,3.88,4.16,8.04
plagB,cygnatus,arboreal,38.23,13.11,16.4,8.19,3.58,5.21,3.99,4.2,6.93
plagB,cygnatus,arboreal,35.88,12.9,15.88,7.96,3.35,4.94,3.66,4.3,7.44
plagB,cygnatus,arboreal,41.33,12.23,16.24,8.55,3.82,5.63,4.08,4.47,8.55
plagB,cygnatus,arboreal,41.89,12.94,15.73,7.86,3.44,4.82,3.77,4.09,8.36
plagB,cygnatus,arboreal,38.66,12.76,16.21,8.35,3.81,5.2,3.95,4.4,8.18
plagB,cygnatus,arboreal,37.69,12.25,15.42,7.58,3.64,4.65,3.7,3.88,7.64
plagB,cygnatus,arboreal,40.27,13.01,16,8.07,3.42,4.99,3.75,4.32,8.59
plagB,cygnatus,arboreal,44.63,13.21,17.57,8.38,4.03,5.49,4.01,4.37,7.61
plagB,cygnatus,arboreal,41.15,12.18,15.21,8.04,3.73,4.98,3.91,4.13,8.48
plagB,cygnatus,arboreal,38.69,12.25,15.2,7.91,3.43,4.59,3.72,4.19,7.57
plagB,cygnatus,arboreal,37.26,12.03,15.56,7.86,3.65,4.6,3.73,4.13,7.65
plagB,cygnatus,arboreal,39.95,12.21,15.5,8.1,3.24,4.72,3.84,4.26,7.72
plagB,cygnatus,arboreal,33.08,10.71,14.02,7.26,3.11,4.4,3.62,3.64,6.98
plagB,cygnatus,arboreal,40.43,13.06,16.8,9.06,4.3,6.12,4.22,4.84,8.08
plagB,cygnatus,arboreal,39.88,12.75,14.99,8.29,3.87,5.15,3.84,4.45,8.42
plagB,cygnatus,arboreal,41.24,12.37,15.13,7.88,3.66,5.16,3.66,4.22,8.27
plagB,cygnatus,arboreal,40.03,12.69,15.97,7.78,3.17,4.6,3.35,4.43,8.78
carnB,exochus,arboreal,36.02,12.16,15.57,7.77,3.2,4.61,3.29,4.48,7.59
carnB,exochus,arboreal,39.12,11.8,15.25,7.23,2.84,4.5,3.18,4.05,8.23
carnB,exochus,arboreal,36.45,12.62,15.44,7.7,3.34,4.54,3.5,4.2,7.56
carnB,exochus,arboreal,39.34,12.86,15.22,7.93,3.53,4.62,3.72,4.21,8.5
carnB,exochus,arboreal,36.06,12.66,16.48,7.86,3.17,4.65,3.5,4.36,7.14
carnB,exochus,arboreal,36.4,12.7,15.72,7.84,3.46,4.73,3.54,4.3,7.67
carnB,exochus,arboreal,40.2,12.18,15.33,7.68,3.6,4.28,3.55,4.13,7.62
carnB,exochus,arboreal,29.47,9.68,12.74,6.55,2.55,3.82,2.88,3.67,6.26
carnB,exochus,arboreal,39.17,12.17,16.09,7.91,3.48,4.62,3.47,4.44,6.41
carnB,exochus,arboreal,37.21,13.05,15.65,8.13,3.73,5.09,3.43,4.7,7.98
carnB,exochus,arboreal,40.59,12.68,14.51,7.79,3.19,4.81,3.5,4.29,8.82
carnB,exochus,arboreal,28.17,9.44,12.12,6.26,2.54,3.48,3.01,3.25,6.01
carnB,exochus,arboreal,35.71,13.02,15.29,7.48,3.62,4.83,3.55,3.93,7.96
carnB,exochus,arboreal,34.13,11.82,13.44,7.21,2.98,4.26,3.13,4.08,7.49
carnB,exochus,arboreal,28.69,9.64,11.54,6.44,2.42,3.62,2.83,3.61,6.98
carnB,exochus,arboreal,35.04,11.61,14.14,7.57,3.2,4.59,3.44,4.13,7.67
carnB,exochus,arboreal,37.32,12.75,15.82,7.9,3.57,5.32,3.67,4.23,7.7
carnB,exochus,arboreal,33.3,11.58,14.45,7.03,2.74,4.37,2.92,4.11,7.58
carnB,exochus,arboreal,38.07,12.86,16.51,8,3.7,5.4,3.47,4.53,7.37
carnB,exochus,arboreal,32.32,11.58,13.67,7.1,2.83,4.46,3.02,4.08,7.2
carnB,exochus,arboreal,40.17,12.85,15.76,7.68,3.36,4.55,3.47,4.21,8.32
carnB,exochus,arboreal,39.36,12.58,15.43,7.83,2.89,4.59,3.3,4.53,7.68
carnB,exochus,arboreal,40.42,12.52,15.35,7.8,3.5,4.81,3.5,4.3,7.9
carnB,exochus,arboreal,40.6,12.81,15.93,7.88,3.23,4.44,3.31,4.57,7.63
carnB,exochus,arboreal,39.72,12.8,15.42,7.4,3.37,4.33,3.18,4.22,7.73
carnB,exochus,arboreal,40.87,12.97,15.3,7.88,3.17,4.71,3.31,4.57,8.02
carnB,exochus,arboreal,38.6,11.5,15.44,7.75,3.38,4.7,3.31,4.44,7.15
carnB,exochus,arboreal,37.3,12.75,15.44,8,3.8,5.06,3.38,4.62,7.48
carnB,exochus,arboreal,38.69,11.83,15.14,7.73,3.28,4.81,3.5,4.23,8.1
carnC,mertensi,arboreal,24.48,9.16,11.55,5.82,2.2,3.37,2.58,3.24,5.05
carnC,mertensi,arboreal,33.45,11.53,13.69,7.03,2.96,4.13,3.01,4.02,4.26
carnC,mertensi,arboreal,30.26,10.95,13.59,6.66,3.04,4.17,2.88,3.78,6.15
carnC,mertensi,arboreal,37.72,11.57,14.56,7.42,3.31,4.58,3.26,4.16,7.3
carnC,mertensi,arboreal,33.92,11.46,14.37,7.39,2.99,4.94,3.34,4.05,6.58
carnC,mertensi,arboreal,33.23,11.23,14.96,7.37,3.25,4.91,3.46,3.91,7.29
carnC,mertensi,arboreal,38.49,10.93,14.61,7.37,2.79,4.87,3.34,4.03,6.8
carnC,mertensi,arboreal,35.48,11.62,14.72,7.28,3.25,4.51,3.2,4.08,6.38
carnC,mertensi,arboreal,36.68,12.14,14.42,7.15,3.01,4.72,3.13,4.02,7.27
carnC,mertensi,arboreal,35.69,11.82,14.48,7.33,3.04,4.64,3.2,4.13,6.93
carnC,mertensi,arboreal,36.13,11.75,14.93,7.15,3.35,4.81,3.18,3.97,6.36
carnC,mertensi,arboreal,32.29,11.93,14.35,7.1,2.91,4.84,3.04,4.06,6.1
carnC,mertensi,arboreal,34.03,12.16,15.14,7.33,2.7,4.36,3.07,4.26,5.78
carnC,mertensi,arboreal,35.07,11.84,14.68,7.77,3.74,4.99,3.66,4.11,6.18
carnC,mertensi,arboreal,29.16,10.84,13.47,6.5,3.05,3.98,3,3.5,6.85
carnC,mertensi,arboreal,35.87,11.42,13.77,6.91,3.18,4.53,3.26,3.65,5.63
carnC,mertensi,arboreal,30.62,12.19,13.99,7.21,3.21,4.36,3.35,3.86,6.38
carnC,mertensi,arboreal,36.36,12.3,15.16,7.44,3.05,4.87,3.33,4.11,7.01
carnC,mertensi,arboreal,37.22,11.86,14.75,7.17,3.01,4.2,3.56,3.61,7.6
carnC,mertensi,arboreal,34.78,12.44,14.49,7.53,3.42,4.85,3.33,4.2,7.25
carnC,mertensi,arboreal,32,11.08,14.12,6.85,3.25,4.06,3.19,3.66,6.56
carnC,mertensi,arboreal,35.8,12.18,14.79,7.61,3.42,4.79,3.47,4.14,7.91
carnC,mertensi,arboreal,32.37,11.72,14.03,6.92,3.21,4.35,2.99,3.93,7.14
carnA5,pannosus,arboreal,36.62,14.11,15.79,8.13,2.99,4.96,3.75,4.38,7.64
carnA5,pannosus,arboreal,39.3,13.17,16.63,7.43,3.1,4.28,3.22,4.21,8.32
carnA5,pannosus,arboreal,37.5,13.65,16.38,7.88,3.5,4.86,3.47,4.41,8.22
carnA5,pannosus,arboreal,39.38,12.53,16.02,7.7,3.04,4.54,3.48,4.22,8.3
carnA5,pannosus,arboreal,36.22,12.35,15.04,7.48,2.64,4.8,3.1,4.38,7.14
carnA5,pannosus,arboreal,34.24,11.61,13.73,7.15,2.91,4.19,3.15,4,7.3
carnA5,pannosus,arboreal,33.91,10.55,14.22,7.04,2.77,4.04,3.22,3.82,7.04
carnA5,pannosus,arboreal,31.25,11.06,13.17,6.57,2.55,3.69,3.15,3.42,7.5
carnA5,pannosus,arboreal,32.45,11.9,14.06,7.12,3.06,4.39,3.34,3.78,7.29
carnA5,pannosus,arboreal,32.72,11.74,14,7.71,3.11,4.65,3.51,4.2,6.47
carnA5,pannosus,arboreal,35.98,11.1,13.3,7.4,2.88,4.31,3.24,4.16,6.44
carnA5,pannosus,arboreal,38.5,12.67,14.17,7.19,2.65,4.35,3.19,4,7.63
carnA5,pannosus,arboreal,36.52,12.8,16.96,7.8,2.75,4.41,3.41,4.39,7.6
carnA5,pannosus,arboreal,32.63,11.62,13.61,7.1,2.66,4.24,3.13,3.97,6.54
carnA5,pannosus,arboreal,34.39,11.68,13.66,6.99,2.68,4.23,3.11,3.88,6.34
carnA5,pannosus,arboreal,36.31,12.75,15.5,7.61,3.4,4.28,3.18,4.43,7.52
carnA5,pannosus,arboreal,36,11.8,15.06,7.3,2.97,4.09,3.12,4.18,6.44
carnA5,pannosus,arboreal,34.56,11.96,13.96,7.21,2.88,4.22,3.17,4.04,6.18
carnA5,pannosus,arboreal,32.2,10.36,13.12,6.53,2.37,3.94,2.84,3.69,6.64
carnA5,pannosus,arboreal,32.21,10.05,13.37,6.34,2.53,3.8,2.9,3.44,6.9
carnA5,pannosus,arboreal,33.48,10.5,13.66,6.74,2.8,4.03,3.27,3.47,7.63
carnA5,pannosus,arboreal,34.47,11.52,14.01,6.9,2.71,4.64,3.28,3.62,7.84
carnA5,pannosus,arboreal,33.82,11.2,15.06,7.07,3.02,4.36,3.1,3.97,8.19
carnA5,pannosus,arboreal,35.37,11.06,13.71,6.85,2.56,4.05,3.15,3.7,7.83
carnA5,pannosus,arboreal,32.94,11.97,14.66,7.2,2.86,4.48,3.31,3.89,7.2
carnA5,pannosus,arboreal,35.4,11.8,15.2,7.7,3.23,4.62,3.3,4.4,7.85
carnA5,pannosus,arboreal,29.95,10.42,12.5,6.56,2.74,4.02,2.82,3.74,5.99
carnA5,pannosus,arboreal,34.1,10.76,13.06,6.64,2.74,4.21,3,3.64,6.91
carnA5,pannosus,arboreal,31.41,11.22,14.6,6.66,2.63,4.14,3.17,3.49,6.88
carnA5,pannosus,arboreal,39.77,12.01,14.47,7.76,3.32,4.61,3.31,4.45,6.57
carnA5,pannosus,arboreal,32.44,10.69,13.72,6.65,2.87,4.15,2.98,3.67,7.44
carnA5,pannosus,arboreal,33.07,12.11,14.8,7,3.11,4.09,3.03,3.97,7
carnA5,pannosus,arboreal,35.67,11.19,14.4,7.42,2.5,4.02,3.4,4.02,8.02
carnA5,pannosus,arboreal,34.62,11.76,14.43,7.13,3.04,4.11,3.03,4.1,7.25
carnA5,pannosus,arboreal,32.15,11.28,14.37,7.03,2.8,4.1,3.04,3.99,7.05
carnA5,pannosus,arboreal,31.06,9.67,12.41,6.96,2.63,4.28,3.16,3.8,6.54
carnA5,pannosus,arboreal,32.38,12.54,14.39,7.31,3.12,4.84,3.52,3.79,6.95
carnA5,pannosus,arboreal,29.32,10.99,12.77,6.92,3.25,4.37,3.21,3.71,8.61
carnA5,pannosus,arboreal,34.05,10.8,13.63,6.8,2.77,4.07,3.01,3.79,7.32
carnA5,pannosus,arboreal,34.44,11.57,14.53,7.23,3.07,4.95,3.49,3.74,7.21
carnA5,pannosus,arboreal,30.92,10.55,13.92,6.59,3.17,4.41,3.1,3.49,7.29
carnA5,pannosus,arboreal,32.82,10.94,13.14,6.5,2.92,4.36,3.01,3.49,6.11
carnA5,pannosus,arboreal,32.05,11.07,13.95,7,2.66,4.39,3.27,3.73,6.58
carnA5,pannosus,arboreal,30.4,10.17,11.96,6.44,2.54,3.61,3,3.44,6.69
carnA5,pannosus,arboreal,30.12,10.07,12.88,6.23,2.39,3.81,2.9,3.33,5.94
carnA5,pannosus,arboreal,31.1,11.23,13.95,6.72,2.74,4.24,2.93,3.79,7.59
carnA5,pannosus,arboreal,41.5,12.44,15.32,7.63,3.21,5.05,3.4,4.23,8.42
carnA5,pannosus,arboreal,39.33,14.03,16.56,8.04,3.4,5,3.44,4.6,8.44
carnA5,pannosus,arboreal,33.5,12.32,14.67,7.37,2.61,4.7,3.48,3.89,7.93
carnA5,pannosus,arboreal,36.6,12.9,15.5,8.03,2.86,4.92,3.54,4.49,7.15
carnA5,pannosus,arboreal,40.2,12.57,16.22,7.6,3.49,5.57,3.45,4.15,8.62
carnA5,pannosus,arboreal,32.38,10.78,13.4,7,2.64,4.45,3.2,3.8,7.4
carnA5,pannosus,arboreal,35.54,10.98,13.8,6.76,2.61,4.54,3.17,3.59,7.33
carnA5,pannosus,arboreal,37,12.23,15.69,7.09,3.24,4.93,3.35,3.74,8.18
carnA5,pannosus,arboreal,37.54,11.97,15.31,7.44,3.32,4.77,3.57,3.87,8.59
carnA5,pannosus,arboreal,36.55,11.98,15.35,7.22,3.6,4.44,3.77,3.45,7.36
carnA5,pannosus,arboreal,33.28,11.52,14.55,7.34,2.94,4.2,3.13,4.21,7.7
carnA5,pannosus,arboreal,31.46,11.56,14.16,6.88,2.88,4.27,3.33,3.55,7.03
carnA5,pannosus,arboreal,40.6,11.55,14.92,7.49,2.5,4.75,3.22,4.27,8.27
carnA5,pannosus,arboreal,34.14,11.26,14.19,6.66,2.41,4.33,3.1,3.56,7.71
carnA5,pannosus,arboreal,36.24,12.31,15.86,7.22,2.47,4.52,3.3,3.92,8.29
carnA1,Plagiocephalus,arboreal,33.68,11.75,14.87,7.2,2.95,4.4,3.18,4.02,6.7
carnA1,Plagiocephalus,arboreal,33.36,11.78,13.59,6.82,2.58,3.68,3.14,3.68,6.72
carnA1,Plagiocephalus,arboreal,36.36,12.47,15.8,7.93,3.25,5.1,3.6,4.33,7.94
carnA1,Plagiocephalus,arboreal,38.6,11.87,14.22,7.7,2.95,5.03,3.48,4.22,8.09
carnA1,Plagiocephalus,arboreal,37.17,11.23,15.12,7.23,2.92,4.93,3.27,3.96,7.89
carnA1,Plagiocephalus,arboreal,36.89,11.12,14.07,7.12,2.54,4.5,3.42,3.7,7.53
carnA1,Plagiocephalus,arboreal,34.42,11.73,14.77,7.58,2.86,4.56,3.48,4.1,7.37
carnA1,Plagiocephalus,arboreal,24.27,9.62,12.15,5.94,1.88,3.47,2.69,3.25,6.23
carnA1,Plagiocephalus,arboreal,33.3,11.57,13.32,6.88,2.08,4.34,3.02,3.86,6.75
carnA1,Plagiocephalus,arboreal,34.94,11.43,13.92,7.19,2.73,4.41,3.37,3.82,7.49
carnA1,Plagiocephalus,arboreal,33.8,11.47,15.3,7.53,3.2,4.58,3.54,3.99,8.03
carnA1,Plagiocephalus,arboreal,35.03,11.76,15.16,8.24,2.97,5,3.79,4.45,6.44
carnA1,Plagiocephalus,arboreal,30.22,10.09,12.67,6.49,2.24,4.05,3.26,3.23,6.25
carnA1,Plagiocephalus,arboreal,30.21,10.39,13.1,6.76,2.87,4,3.41,3.35,5.99
carnA1,Plagiocephalus,arboreal,28.49,9.41,10.81,6.12,1.95,3.39,2.89,3.23,6.35
carnA1,Plagiocephalus,arboreal,26.67,8.88,10.95,6.05,2.13,3.71,2.82,3.23,6.15
carnA1,Plagiocephalus,arboreal,27.09,9.32,11.13,6.06,2.15,3.57,2.69,3.37,6.69
carnA1,Plagiocephalus,arboreal,35,11,15.5,7.8,3.4,5,3.6,4.2,6.7
carnA1,Plagiocephalus,arboreal,34.86,11.88,16.15,7.42,3.01,4.73,3.35,4.07,7.7
carnA1,Plagiocephalus,arboreal,34.63,12.81,15.07,7.17,3.3,4.8,3.5,3.67,7.78
carnA1,Plagiocephalus,arboreal,40.26,12.65,14.82,7.82,3.58,5.31,3.44,4.38,8.21
carnA1,Plagiocephalus,arboreal,35.47,12.2,13.9,7.72,3.37,5.27,3.35,4.37,8.62
carnA1,Plagiocephalus,arboreal,32.54,11.42,13.65,7.26,2.72,4.58,3.23,4.03,6.7
carnA1,Plagiocephalus,arboreal,38.91,13.88,18.07,8.66,3.41,5.9,3.64,5.02,8.52
carnA1,Plagiocephalus,arboreal,37.87,13.28,16.34,7.7,3.21,4.96,3.57,4.13,8.05
carnA1,Plagiocephalus,arboreal,34.95,11.66,15.9,7.68,2.88,4.7,3.6,4.08,7.6
carnA1,Plagiocephalus,arboreal,36.04,11.35,13.45,7.2,3.2,4.24,3.3,3.9,6.48
carnA2,Tytthos,arboreal,32.86,10.23,13.39,6.28,2.41,4.18,3.11,3.17,6.37
carnA2,Tytthos,arboreal,34.09,9.94,12.87,6.7,2.57,4.04,2.91,3.79,6.57
carnA2,Tytthos,arboreal,26.65,10.58,13,6.29,2.18,3.73,2.87,3.42,6.78
carnA2,Tytthos,arboreal,28.87,9.32,12.05,6.2,2.25,3.73,2.8,3.4,7.03
carnA2,Tytthos,arboreal,30.01,9.53,12.21,6.4,2.62,3.67,3.06,3.34,6.32
carnA2,Tytthos,arboreal,26.47,9.44,11.6,5.93,2.49,3.57,2.75,3.18,5.78
carnA2,Tytthos,arboreal,29.84,9.9,12.04,6.43,2.54,3.59,2.87,3.56,5.77
carnA2,Tytthos,arboreal,31.4,9.25,11.96,6.21,2.34,3.82,2.86,3.35,6.25
carnA2,Tytthos,arboreal,27.46,9.16,11.16,6.03,2.42,3.61,2.66,3.37,5.92
carnA2,Tytthos,arboreal,32.55,10.84,13.2,6.71,2.85,3.9,2.97,3.74,7.31
carnA2,Tytthos,arboreal,26.04,8.71,11.47,6.04,2.44,3.46,2.91,3.13,5.13
carnA2,Tytthos,arboreal,27.85,8.83,11.33,6.22,2.49,3.65,2.83,3.39,6.18
carnA2,Tytthos,arboreal,32.38,9.55,13.44,6.67,2.84,3.89,3.15,3.52,6.19
carnA2,Tytthos,arboreal,38.62,11.8,13.95,7.41,3.1,4.66,3.31,4.1,8.61
carnA2,Tytthos,arboreal,36.87,10.94,12.5,7.58,2.6,4.5,3.28,4.3,7.44
carnA2,Tytthos,arboreal,32.02,11.13,14.16,7.14,2.54,4.36,3.3,3.84,7.1
carnA2,Tytthos,arboreal,33.88,9.95,13.23,6.73,2.5,3.84,2.99,3.74,7.36
carnA2,Tytthos,arboreal,34.28,10.92,13.4,7.03,2.51,4.09,3.27,3.76,8.28
carnA2,Tytthos,arboreal,33.44,10.81,13.97,6.88,3.11,4.37,3.07,3.81,6.67
carnA2,Tytthos,arboreal,30.99,10.85,13.74,7.03,3.27,4.47,3.21,3.82,5.84
carnA2,Tytthos,arboreal,28.29,9.4,11.47,6.19,2.48,3.79,2.92,3.27,5.53
carnA2,Tytthos,arboreal,23.71,6.41,9.35,5.22,1.8,3.3,2.42,2.8,4.97
carnA2,Tytthos,arboreal,31.52,10.7,13.34,6.84,3.04,4.51,3.13,3.71,6.58
carnA2,Tytthos,arboreal,33.49,10.36,13.1,7.17,3.19,4.12,3.35,3.82,6.39
carnA2,Tytthos,arboreal,33.06,10.49,13.72,6.87,3.33,4.19,3.34,3.53,6.91
carnA2,Tytthos,arboreal,32.94,11.03,13.7,7.2,3.06,4.13,3.36,3.84,6.99
carnA3,Ochrus,arboreal,42.2,13.63,16.84,8.19,3.63,4.9,3.6,4.59,8.08
carnA3,Ochrus,arboreal,43.34,14.96,17.55,8.57,3.61,5.17,3.73,4.84,8.56
carnA3,Ochrus,arboreal,41.92,14.35,18.32,8.63,3.41,5.48,4.14,4.49,9.01
carnA3,Ochrus,arboreal,42.1,12.56,16.79,8.41,3.05,5,3.98,4.43,7.86
carnA3,Ochrus,arboreal,34.87,12.24,16.35,7.3,2.54,4.75,3.24,4.06,8.25
carnA3,Ochrus,arboreal,40.48,14.14,16.81,8.8,3.53,5.54,3.78,5.02,8.15
carnA3,Ochrus,arboreal,42.4,13.28,16.94,8.15,3.54,4.71,3.85,4.3,7.4
carnA3,Ochrus,arboreal,39.62,14.15,16.83,8.83,3.8,5.55,3.67,5.16,7.95
carnA3,Ochrus,arboreal,34.28,11.82,15.6,7.43,2.71,4.91,3.56,3.87,7.67
carnA3,Ochrus,arboreal,42.29,15.03,17.62,8.92,3.48,5.54,4.03,4.89,9.77
carnA3,Ochrus,arboreal,40.76,14,16.68,8.12,2.89,5.63,3.72,4.4,8.69
carnA3,Ochrus,arboreal,34.95,10.85,15.07,7.38,2.95,4.41,3.36,4.02,7.22
carnA3,Ochrus,arboreal,34.36,12.45,15.12,7.27,2.7,4.4,3.31,3.96,7.64
carnA3,Ochrus,arboreal,40.25,14.01,16.64,8.2,3.42,5.04,3.62,4.58,7.43
carnA3,Ochrus,arboreal,34.66,13.01,15.87,7.45,2.62,4.67,3.31,4.14,7.31
carnA3,Ochrus,arboreal,37.44,12.85,16.52,8.09,3.22,5.21,3.67,4.42,7.71
carnA3,Ochrus,arboreal,34.17,11.62,14.12,7.16,2.86,4.52,3.14,4.02,7.68
carnA3,Ochrus,arboreal,39.53,14.67,18.01,8.84,3.27,5.11,3.75,5.09,8.05
carnA3,Ochrus,arboreal,37.32,13.11,15.47,7.88,3.1,5.1,3.44,4.44,7.93
carnA3,Ochrus,arboreal,43.81,13.24,17.15,8.47,3.37,5.47,3.85,4.62,8.93
carnA3,Ochrus,arboreal,39.16,13.02,17.31,8.43,3.43,5.37,3.74,4.69,8.67
fuhn,Fuhni,saxicolous,38.4,17.4,22.11,9.26,2.96,5.49,4.14,5.12,9.05
fuhn,Fuhni,saxicolous,38.35,15.58,20.17,8.13,2.78,4.48,3.44,4.69,8.53
fuhn,Fuhni,saxicolous,36.16,15.22,19.24,7.87,3.2,4.7,3.31,4.56,7.64
fuhn,Fuhni,saxicolous,47.04,16.83,24.18,9.45,3.91,6.04,4.22,5.23,9.62
fuhn,Fuhni,saxicolous,40.42,16.8,23.37,8.82,3.18,5.74,3.83,4.99,8.49
fuhn,Fuhni,saxicolous,44.6,17.21,22,9.17,3.08,5.94,4.13,5.04,9.17
fuhn,Fuhni,saxicolous,43.17,17.52,22.54,9.15,2.94,5.29,4.21,4.94,9.28
fuhn,Fuhni,saxicolous,46.83,18.85,24.7,9.22,2.95,5.8,4.16,5.06,9.26
fuhn,Fuhni,saxicolous,34.96,14.04,17.95,7.6,3.14,4.13,3.28,4.32,7.17
fuhn,Fuhni,saxicolous,43.42,17.79,22.03,8.8,3.31,5.44,4,4.8,8.86
fuhn,Fuhni,saxicolous,45.26,16.88,21.56,8.94,3.48,5.25,4.13,4.81,7.99
fuhn,Fuhni,saxicolous,39.51,17.08,22.22,8.69,2.89,5.07,3.85,4.84,8.32
litor,Litoralis,littoral,50.69,16.7,20.65,9.81,4.42,5.6,4.35,5.46,10.3
litor,Litoralis,littoral,41.73,14.24,18.71,8.1,3.42,4.64,3.69,4.41,8.62
litor,Litoralis,littoral,42.74,14.77,17.67,8.17,3.38,4.93,3.74,4.43,9.13
litor,Litoralis,littoral,38.44,14.71,18.71,8.34,3.61,5.12,3.81,4.53,8.93
litor,Litoralis,littoral,43.75,14.25,18.97,9.15,3.73,5.23,4.25,4.9,9.93
litor,Litoralis,littoral,39.77,14.61,18.67,8.44,3.43,4.88,3.62,4.82,9.3
litor,Litoralis,littoral,40.8,14.48,16.93,8,3.34,4.25,3.5,4.5,8.64
litor,Litoralis,littoral,31.41,11.44,14.7,6.74,2.53,4.07,3.18,3.56,7.17
litor,Litoralis,littoral,42.74,15.15,19.83,8.47,3.36,4.77,3.85,4.62,8.89
litor,Litoralis,littoral,38,13.82,16.77,7.93,3.23,4.54,3.88,4.05,8.07
litor,Litoralis,littoral,41.42,14.09,18.72,8.14,3.84,5.09,3.75,4.39,7.73
litor,Litoralis,littoral,39.95,14.61,18.33,8.21,3.68,5.27,4.04,4.17,8.36
litor,Litoralis,littoral,30.71,11.63,14.85,6.9,2.65,4.08,3.17,3.73,6.43
litor,Litoralis,littoral,39.85,14.14,17.4,8.13,3.45,4.84,3.62,4.51,8.19
litor,Litoralis,littoral,43.96,16.84,20.24,9.4,4,5.42,4.44,4.96,9.86
litor,Litoralis,littoral,42.45,15.05,19.29,8.97,3.52,5.37,3.96,5.01,9.49
litor,Litoralis,littoral,37.77,13.96,18.46,8.15,3.36,4.65,3.66,4.49,8.89
litor,Litoralis,littoral,50.99,15.6,19.62,9.35,3.98,5.61,4.12,5.23,9.89
litor,Litoralis,littoral,49.62,15.78,19.11,9.21,4.06,5.76,4.19,5.02,10.23
litor,Litoralis,littoral,47.82,15.1,19.47,9.2,3.45,5.3,4.22,4.98,9.38
litor,Litoralis,littoral,44.66,15.15,19.01,8.92,3.65,5.2,4.09,4.83,9.26
litor,Litoralis,littoral,39.51,14.19,18.51,8.75,3.33,5.08,3.81,4.94,9.32
litor,Litoralis,littoral,37.45,14.5,17.75,7.69,3.02,4.74,3.42,4.27,8.34
litor,Litoralis,littoral,38.45,13.77,17.3,8.09,3.06,4.74,3.76,4.33,8.32
litor,Litoralis,littoral,37.05,13.13,17,7.71,2.86,4.45,3.7,4.01,6.4
litor,Litoralis,littoral,40.9,14.46,19.98,8.91,3.56,5.42,3.91,5,8.61
litor,Litoralis,littoral,41.35,14.39,18.59,8.37,3.51,4.9,3.95,4.42,7.79
litor,Litoralis,littoral,42.39,14.06,19.26,9.1,4.44,5.86,4.44,4.66,8.25
litor,Litoralis,littoral,38.88,14.22,18.2,8.16,3.65,5,3.7,4.46,7.59
litor,Litoralis,littoral,42.41,15.4,18.76,8.31,4.43,4.95,3.62,4.69,8.29
litor,Litoralis,littoral,41.32,14.94,19.23,8.89,4.05,5.26,3.9,4.99,8.99
litor,Litoralis,littoral,39.77,14.58,18.41,8.32,3.7,5.2,3.63,4.69,7.91
litor,Litoralis,littoral,34.5,13.25,16.6,7.23,3.4,4.53,3.26,3.97,7.65
horn,Horneri,littoral,28.65,10.49,13.47,6.48,2.37,3.89,2.94,3.54,7.15
horn,Horneri,littoral,43.4,14.81,18.93,8.7,3.75,5.09,3.96,4.74,9.81
horn,Horneri,littoral,44,15.23,18.92,8.71,3.64,5.06,3.72,4.99,9.28
horn,Horneri,littoral,41.08,13.52,18.61,8.41,3.31,5.17,3.84,4.57,9
horn,Horneri,littoral,43.44,14.27,19.42,9.1,3.6,6.34,3.96,5.14,9.74
horn,Horneri,littoral,49.21,15.41,20.16,9.29,3.88,5.64,4.35,4.94,9.15
horn,Horneri,littoral,51,16.07,21.57,9.83,4.29,6.45,4.52,5.31,9.76
horn,Horneri,littoral,28.84,10.21,13.21,6.28,2.64,3.83,3,3.28,6.37
horn,Horneri,littoral,40.26,15.32,18.8,8.77,3.39,4.65,3.79,4.98,8.8
horn,Horneri,littoral,39.3,15,18.37,8.64,3.36,5.07,3.9,4.74,8.64
horn,Horneri,littoral,39.3,14.02,18.12,8.7,3.4,4.92,3.76,4.94,9.52
horn,Horneri,littoral,29.8,10.66,13.3,6.52,2.58,3.86,2.74,3.78,6.55
horn,Horneri,littoral,26.21,9.09,12.44,6.07,2.41,3.27,2.63,3.44,6.18
gurr,Gurrmul,littoral,35.99,12.79,17.25,8.02,3.7,5.18,3.59,4.43,6.66
gurr,Gurrmul,littoral,34.02,11.83,14.73,7.66,3.49,4.72,3.26,4.4,4.94
gurr,Gurrmul,littoral,34.54,12.95,15.05,7.3,3.3,4.63,3.2,4.1,6.22
gurr,Gurrmul,littoral,37.78,13.06,16.8,7.91,3.9,5.03,3.43,4.48,7.18
gurr,Gurrmul,littoral,36.76,12.89,17.01,7.73,3.17,5.08,3.59,4.14,7.32
gurr,Gurrmul,littoral,40.84,13.83,17.14,8.66,3.56,5.39,3.89,4.77,7.53
gurr,Gurrmul,littoral,39.92,14.04,16.83,8.29,3.4,4.96,4.02,4.27,7.42
gurr,Gurrmul,littoral,40.05,13.08,18.16,8.35,3.65,4.89,3.93,4.42,7.69
gurr,Gurrmul,littoral,42.13,14.42,18.61,8.38,3.24,5.21,3.85,4.53,8.13
gurr,Gurrmul,littoral,31.9,11.07,13.76,7.04,2.78,4.23,3.41,3.63,6.28
gurr,Gurrmul,littoral,34.39,12.69,16.2,7.6,3.31,4.71,3.68,3.92,7.43
gurr,Gurrmul,littoral,44.33,13.7,16.79,8.41,3.87,5.21,3.8,4.61,8.14
gurr,Gurrmul,littoral,38.1,12.96,17.62,8.19,3.45,5.41,3.8,4.39,7.45
megaB,Ustulatus,saxicolous,30.47,10.71,15.24,6.63,2.5,4.31,2.98,3.65,5.98
megaB,Ustulatus,saxicolous,31.16,10.91,15.35,6.8,2.67,4.17,3.02,3.78,6.35
megaB,Ustulatus,saxicolous,35.29,12.2,15.62,7.29,2.57,4.4,3.09,4.2,7.09
megaB,Ustulatus,saxicolous,32.23,12.2,15.62,7.29,2.57,4.4,3.09,4.2,7.09
megaB,Ustulatus,saxicolous,37.5,13.05,17.23,7.51,2.26,4.39,3.47,4.04,7.6
megaB,Ustulatus,saxicolous,36.83,12.65,16.84,7.47,2.45,4.36,3.38,4.09,8.11
megaB,Ustulatus,saxicolous,30.57,10.82,14.03,6.58,2.06,4.35,3.19,3.39,6.46
megaB,Ustulatus,saxicolous,36.28,11.77,14.78,7.2,2.82,4.23,3.32,3.88,7.84
megaB,Ustulatus,saxicolous,33.14,11.76,15.45,7.27,2.57,4.11,3.24,4.03,8.15
megaB,Ustulatus,saxicolous,37.22,11.54,14.32,7.28,2.68,4.18,3.12,4.16,8.99
megaB,Ustulatus,saxicolous,36.08,11.91,14.5,7.46,2.41,4.31,3.39,4.07,7.56
megaB,Ustulatus,saxicolous,34.33,12.88,14.45,7.1,2.38,4.33,3.09,4.01,7.75
megaB,Ustulatus,saxicolous,31.09,11.96,14.72,7.31,2.52,4.03,3.31,4,6.91
megaB,Ustulatus,saxicolous,36.4,12.75,15.2,7.37,3.17,4.48,3.26,4.11,7.99
megaB,Ustulatus,saxicolous,32.34,10.81,14.49,6.84,2.84,4.36,3.11,3.73,7.79
megaB,Ustulatus,saxicolous,35.41,13.01,15.87,7.74,2.29,4.49,3.28,4.46,8.37
megaB,Ustulatus,saxicolous,36.43,12.42,16.31,7.94,2.66,4.58,3.32,4.62,7.72
megaB,Ustulatus,saxicolous,36.04,12.58,16.38,7.84,2.04,5.31,3.44,4.4,7.52
megaB,Ustulatus,saxicolous,39.07,13.48,17.03,7.54,2.26,4.39,3.39,4.15,9.19
megaB,Ustulatus,saxicolous,41.61,13.25,16.5,8.15,2.55,4.41,3.72,4.43,8.4
megaB,Ustulatus,saxicolous,37.71,12.43,17.02,7.6,2.31,4.32,3.59,4.01,7.74
megaB,Ustulatus,saxicolous,38.95,12.82,17.53,7.71,2.61,4.71,3.13,4.58,7.69
megaB,Ustulatus,saxicolous,32.83,12.13,15.37,6.81,2.35,4.16,2.82,3.99,7.34
megaB,Ustulatus,saxicolous,32.08,12.48,15.85,7.04,2.8,4,3.03,4.01,6.6
megaB,Ustulatus,saxicolous,31.47,11.68,14.04,6.9,2.53,3.84,2.87,4.03,6.64
megaB,Ustulatus,saxicolous,39.71,12.96,15.76,7.88,2.71,4.7,3.7,4.18,7.18
megaB,Ustulatus,saxicolous,38.8,12.21,15.32,7.77,2.86,4.6,3.35,4.42,7.56
megaB,Ustulatus,saxicolous,30.08,10.71,13.56,6.33,2.26,3.66,2.68,3.65,6.04
megaA5,Zoticus,saxicolous,30.31,11.82,13.94,6.68,2.08,4.01,3.07,3.61,6.52
megaA5,Zoticus,saxicolous,35.26,12,14.81,7.17,2.26,4.31,3.37,3.8,7.37
megaA5,Zoticus,saxicolous,34.19,12.11,14.28,7.14,2.57,4.5,3.58,3.56,7.58
megaA5,Zoticus,saxicolous,36.32,12.39,14.67,7.39,2.65,4.45,3.5,3.89,8.32
megaA5,Zoticus,saxicolous,36.5,12.94,14.96,7.21,2.27,4.6,2.99,4.22,8.31
megaA5,Zoticus,saxicolous,25.44,8.83,10.67,5.8,1.83,3.45,2.81,2.99,5.97
megaA5,Zoticus,saxicolous,38.65,13.05,15.26,8.44,2.53,4.89,3.6,4.84,8.53
megaA5,Zoticus,saxicolous,31.04,11.57,14.25,6.61,2.22,3.84,2.88,3.73,7.19
megaA5,Zoticus,saxicolous,34.2,13.02,15.43,7.07,2.27,4.17,3.08,3.99,7.55
megaA5,Zoticus,saxicolous,29.86,11.4,13.43,6.09,1.74,3.83,2.84,3.25,6.95
megaA5,Zoticus,saxicolous,35.22,13.13,16.01,7.65,2.54,4.8,3.46,4.19,7.8
megaA5,Zoticus,saxicolous,37.98,12.23,15.67,7.7,2.31,4.74,3.47,4.23,7
megaA5,Zoticus,saxicolous,34.55,10.22,13.28,7.3,2.5,4.38,3.26,4.04,6.79
megaA5,Zoticus,saxicolous,32.07,11.34,13.02,7.21,2.34,4.34,3.37,3.84,6.76
megaA5,Zoticus,saxicolous,32.61,10.6,12.65,6.68,2.31,4.22,3.16,3.52,6.46
megaA5,Zoticus,saxicolous,32.21,10.22,13.28,7,2.39,3.94,3.08,3.92,7
virgA2,Virgatus,arboreal,36.01,12.24,15.34,7.47,3.08,4.48,3.16,4.31,7.65
virgA2,Virgatus,arboreal,38.13,11.74,14.45,7.3,2.84,4.2,3.2,4.1,8.03
virgA2,Virgatus,arboreal,32.95,11.2,14.82,7.02,2.43,3.95,3.27,3.75,7.32
virgA2,Virgatus,arboreal,34.39,11.95,15.44,7.31,2.93,4.38,3.2,4.11,7.94
virgA2,Virgatus,arboreal,35.68,12.94,16.09,7.81,2.5,4.22,3.3,4.51,7.91
virgA2,Virgatus,arboreal,34.91,11.11,14.93,7.33,2.54,4.03,3.1,4.23,6.82
virgA2,Virgatus,arboreal,27.54,9.04,10.96,6.15,2.04,3.56,2.9,3.25,5.76
virgA2,Virgatus,arboreal,24.58,7.8,10.4,5.3,1.93,3.07,2.48,2.82,5.63
virgA2,Virgatus,arboreal,33.34,11.91,14.27,7.15,2.3,3.85,3,4.15,7.48
virgA2,Virgatus,arboreal,38.5,12.71,16.15,7.98,3.46,5.22,4.07,3.91,8.63
virgA2,Virgatus,arboreal,34.41,10.91,13.22,7.24,2.84,4.2,3.28,3.96,8.22
virgA2,Virgatus,arboreal,36.47,10.93,13.58,7.22,2.73,4.32,3.17,4.05,8.83
virgA2,Virgatus,arboreal,32.63,11.5,13.42,7.14,2.49,4.17,3.35,3.79,7.96
virgA2,Virgatus,arboreal,34.85,10.74,12.94,7.35,3.22,3.99,3.41,3.94,6.91
virgA2,Virgatus,arboreal,39.67,11.36,12.82,7.46,3.35,4.37,3.37,4.09,8.19
virgA2,Virgatus,arboreal,37.9,11.01,15.08,7.4,3.13,3.88,3.15,4.25,7.63
virgA2,Virgatus,arboreal,35.95,12.36,14.4,7,2.54,4.06,3.14,3.86,8.4
virgA2,Virgatus,arboreal,36.52,12.11,14.52,7.2,2.54,4.05,3.12,4.08,7.95
virgA2,Virgatus,arboreal,34.15,11.7,14.97,7.13,2.88,4.33,3.23,3.9,6.89
virgA2,Virgatus,arboreal,33.98,11.31,15.08,7.11,2.79,3.92,3.19,3.92,7.47
virgA2,Virgatus,arboreal,33.66,11.17,13.39,7.11,2.59,3.81,3.16,3.95,8.69
virgA2,Virgatus,arboreal,38,12.85,15.6,7.62,3.04,4.74,3.29,4.33,7.89
virgA2,Virgatus,arboreal,30.27,9.91,13.87,6.75,2.25,3.93,3.1,3.65,7.15
virgA2,Virgatus,arboreal,39.31,12.78,15.48,7.74,2.82,4.12,3.51,4.23,8.28
virgA2,Virgatus,arboreal,37.27,12.08,14.44,7.14,2.77,3.96,3.27,3.87,8.3
virgA2,Virgatus,arboreal,34.12,10.95,13.92,6.89,2.33,3.51,3.24,3.65,7.84
virgA2,Virgatus,arboreal,31.22,10.4,12.68,6.48,2.67,4.02,2.98,3.5,6.84
virgA2,Virgatus,arboreal,35.8,13.7,15.45,7.7,3.12,4.78,3.36,4.34,8.68
virgA2,Virgatus,arboreal,33.98,11.42,14.52,7.1,2.97,4.17,3.35,3.75,7.83
virgA2,Virgatus,arboreal,34.77,11.55,13.85,6.9,3,4.33,3.07,3.83,7.25
virgA3,Adamsi,arboreal,32.22,10.18,12.42,6.19,2.51,3.98,2.73,3.46,6.81
virgA3,Adamsi,arboreal,28.04,9.93,11.23,6.06,2.27,3.6,2.77,3.29,6.55
virgA3,Adamsi,arboreal,36.13,10.93,13.89,6.9,2.5,4.06,3,3.9,7.75
virgA3,Adamsi,arboreal,31.77,10.93,13.97,6.47,2.52,4,2.83,3.64,6.83
virgA3,Adamsi,arboreal,36.6,11.16,14.07,7.17,2.85,4.26,3.26,3.91,7.08
virgA3,Adamsi,arboreal,34.6,11.45,14.39,6.9,2.76,4.23,3.23,3.67,7.64
virgA3,Adamsi,arboreal,33.25,11.58,14.37,6.78,2.78,4.23,3.06,3.72,7.49
virgA3,Adamsi,arboreal,35.3,11.11,14.23,7.23,2.77,4.5,3.09,4.14,6.9
virgA3,Adamsi,arboreal,32.96,11.42,14.05,6.64,2.37,4.32,2.91,3.73,6.57
virgA3,Adamsi,arboreal,35.35,11.21,13.93,6.95,2.95,4.39,3.34,3.61,7.8
virgA3,Adamsi,arboreal,30.36,9.7,12.3,6.7,2.4,4.06,2.83,3.87,7.07
virgA3,Adamsi,arboreal,37.3,10.61,14.72,7.09,3.03,4.6,3.53,3.56,7.59
virgA3,Adamsi,arboreal,32.48,9.84,13.24,6.98,2.83,4.17,3.43,3.55,6.83
virgA3,Adamsi,arboreal,36.85,11.25,14.3,7.4,2.75,4.57,3.28,4.12,7.25
virgA3,Adamsi,arboreal,35.06,11.46,14.94,6.79,2.61,4.27,3.24,3.55,7.72
virgA3,Adamsi,arboreal,36.04,11.41,14.31,7.11,3.06,4.46,3.32,3.79,8.17
virgA3,Adamsi,arboreal,34.52,11.46,14.21,6.87,2.77,4.09,3.01,3.86,7.19
virgA3,Adamsi,arboreal,34.85,11.54,14.17,7.35,2.84,4.3,3.24,4.11,7.27
virgA3,Adamsi,arboreal,36.78,11.87,15.6,7.16,2.92,4.22,3.06,4.1,7.84
virgA3,Adamsi,arboreal,32.67,10.58,13.76,6.92,2.76,4.26,3.05,3.87,7.26
virgA3,Adamsi,arboreal,36,11.41,14.72,7.17,2.98,4.72,3.4,3.77,7.78
virgA3,Adamsi,arboreal,33.08,11.65,14.46,6.8,3.25,4.28,2.98,3.82,7.4
virgA3,Adamsi,arboreal,32.88,10.82,14.09,7.13,3.07,4.46,3.3,3.83,6.89
virgA3,Adamsi,arboreal,35.28,10.43,13.78,7.26,3.22,4.37,3.25,4.01,7.51
virgA1,Pulcher,arboreal,35.77,11.64,13.53,6.91,2.52,3.83,3.35,3.56,7.94
virgA1,Pulcher,arboreal,36.08,11.94,15,7.37,2.66,4.33,3.21,4.16,8.23
virgA1,Pulcher,arboreal,28.02,10.07,12.64,5.89,1.95,3.55,2.87,3.02,6.41
virgA1,Pulcher,arboreal,33.28,10.8,12.8,6.66,2.49,3.98,2.87,3.79,7.29
virgA1,Pulcher,arboreal,32.22,9.77,11.75,6.08,2.14,3.56,2.57,3.51,6.58
virgA1,Pulcher,arboreal,36.45,11.44,13.6,6.67,2.54,4,3.25,3.42,7.78
virgA1,Pulcher,arboreal,35.7,11.81,14.45,6.8,2.51,4.01,3.02,3.78,7.51
virgA1,Pulcher,arboreal,32.36,10.83,14.51,6.86,2.57,4.16,3.07,3.79,7.5
virgA1,Pulcher,arboreal,32.58,10.68,12.23,6.85,2.42,4.21,2.92,3.93,7.65
virgA1,Pulcher,arboreal,35.62,11.81,14.78,7.26,3.06,4.47,3.05,4.21,7.96
virgA1,Pulcher,arboreal,33.9,11.19,13.83,6.83,2.8,4.2,3.02,3.81,7.5
virgA1,Pulcher,arboreal,31.81,9.91,13.54,6.63,2.45,4.37,2.78,3.85,6.99
virgA1,Pulcher,arboreal,39.59,11.61,14.13,7.13,2.96,4.35,3.24,3.89,8.27
virgA1,Pulcher,arboreal,32.5,10.85,13.61,6.42,2.55,3.9,2.86,3.56,7.3
virgA1,Pulcher,arboreal,36.18,11.05,14.36,6.67,2.62,4.12,2.84,3.83,7.89
virgA1,Pulcher,arboreal,35.25,12.11,13.67,6.71,2.57,4.26,3,3.71,7.84
virgA1,Pulcher,arboreal,36.38,11.27,14.36,7.53,2.91,4.86,3.48,4.05,7.3
virgA1,Pulcher,arboreal,31.48,10.56,13.24,6.39,2.57,3.76,2.88,3.51,6.08
virgA1,Pulcher,arboreal,35.61,12.21,14.63,7.94,2.81,5.71,3.56,4.38,7.85
virgA1,Pulcher,arboreal,32.73,11.43,14.19,7.03,2.96,4.35,3.2,3.83,5.87
virgA1,Pulcher,arboreal,38.14,11.51,15.04,7.55,2.74,4.9,3.42,4.13,7.11
virgA1,Pulcher,arboreal,36.46,11.23,15.15,7.5,3.34,5.24,3.42,4.08,7.05
virgA1,Pulcher,arboreal,40.6,12.61,16.34,7.97,3.52,5.33,3.55,4.42,6.91
virgA1,Pulcher,arboreal,38.8,11.78,15.59,7.63,2.88,5.36,3.5,4.13,7.47
virgA1,Pulcher,arboreal,37.28,12.99,15.32,7.58,3.37,5.02,3.55,4.03,7.07
virgA1,Pulcher,arboreal,36.4,11.03,14.51,6.96,2.61,3.83,2.97,3.99,7.91
virgA1,Pulcher,arboreal,35.95,10.62,13.26,6.44,2.55,4.04,2.7,3.74,7.57
virgA1,Pulcher,arboreal,37.09,11.06,13.19,6.6,2.6,4.1,3,3.6,8.08
virgA1,Pulcher,arboreal,38.66,12.37,15.58,7.25,2.87,4.56,3.48,3.77,8.34
virgA1,Pulcher,arboreal,36.58,11.92,15.67,7.5,3.02,4.43,3.28,4.22,8.58
virgA1,Pulcher,arboreal,38.2,12.88,15.37,7.36,3.32,4.6,3.19,4.17,7.51
virgA1,Pulcher,arboreal,33.54,10.93,14.84,6.95,3.03,4.5,3.09,3.86,7.39
virgA1,Pulcher,arboreal,41.71,12.9,16.6,7.56,3.31,4.49,3.51,4.05,7.76
virgA1,Pulcher,arboreal,39.05,12.8,14.61,7.91,2.79,4.52,3.4,4.51,7.59
virgA1,Pulcher,arboreal,36.8,11.87,16.55,7.68,2.53,5.02,3.51,4.17,8.59
virgA1,Pulcher,arboreal,38.25,11.33,13.92,7.64,2.56,4.6,3.3,4.34,8.38
virgA1,Pulcher,arboreal,38.07,11.4,14.32,7.55,2.72,4.94,3.27,4.28,8.59
virgA1,Pulcher,arboreal,36.88,11.2,13.56,6.82,2.81,4.24,3.11,3.71,7.24
virgA1,Pulcher,arboreal,39.3,11.3,14.65,7.26,3.04,5.06,3.37,3.89,7.59
virgA1,Pulcher,arboreal,35.76,11.97,14.8,7.23,3.01,4.92,3.27,3.96,7.59
virgA1,Pulcher,arboreal,28.61,9.72,11.79,5.91,2.26,3.89,2.72,3.19,6.37
virgA1,Pulcher,arboreal,36.43,11.38,14.53,7.29,3.13,5.14,3.41,3.88,8.35
virgA1,Pulcher,arboreal,33.67,11.69,14.21,7.02,2.85,4.31,3.05,3.97,7.9
virgA1,Pulcher,arboreal,35.8,11.45,15.64,7.16,3.23,4.9,3.28,3.88,7.89
virgA1,Pulcher,arboreal,31.92,10.4,13.42,6.52,2.3,3.81,2.96,3.56,6.94
virgA1,Pulcher,arboreal,35.38,11.03,14.72,7.49,2.46,4.19,3.29,4.2,7.59
virgA1,Pulcher,arboreal,35.88,11.05,14.22,6.48,2.5,4.11,2.88,3.6,7.78
virgA1,Pulcher,arboreal,31.53,10.08,12.95,6.52,2.48,4.02,2.8,3.72,6.88
virgA1,Pulcher,arboreal,33.34,11.19,14.07,7.27,2.81,4.42,3.07,4.2,6.43
virgA1,Pulcher,arboreal,33.03,11.11,15.53,6.9,2.61,4.2,3.12,3.78,7.02
virgA1,Pulcher,arboreal,36.65,11.64,13.69,6.89,2.64,4.59,3.12,3.77,7.22
virgA1,Pulcher,arboreal,35.98,11.45,14.5,7.26,2.85,4.92,3.23,4.03,7.63
virgA1,Pulcher,arboreal,35.75,12.49,15.89,7.32,2.86,5.2,3.26,4.06,7.4
virgA1,Pulcher,arboreal,33.87,12.31,14.51,7.27,3.09,4.44,3.1,4.17,6.87
virgA1,Pulcher,arboreal,31.88,10.78,13.58,6.74,2.55,4.5,3.08,3.66,5.64
virgA1,Pulcher,arboreal,39.22,12.61,15.64,7.52,3.16,4.93,3.39,4.13,7.6
virgA1,Pulcher,arboreal,38.04,11.94,15.65,7.85,2.76,5.27,3.59,4.26,7.78
virgA1,Pulcher,arboreal,37.63,12.09,15.43,7.82,3.06,5.45,3.44,4.38,7.97
virgA1,Pulcher,arboreal,36.9,12.56,14.69,7.77,3.46,5.06,3.42,4.35,7.53
virgA1,Pulcher,arboreal,36.91,12.63,15.15,7.42,3.09,5.01,3.41,4.01,7.16
virgA1,Pulcher,arboreal,38.2,12.63,14.84,7.57,3.27,4.88,3.51,4.06,7.76
virgA1,Pulcher,arboreal,37.43,12.41,15.14,7.77,4.15,5.08,3.52,4.25,7.37
virgA1,Pulcher,arboreal,36.3,11.64,14.68,7.34,3.2,4.64,3.12,4.22,7.71
virgA1,Pulcher,arboreal,31.9,10.47,12.58,6.21,2.33,3.66,2.84,3.37,6.9
virgA1,Pulcher,arboreal,30.14,10.18,13,6.3,2.25,3.91,2.72,3.58,6.8
virgA1,Pulcher,arboreal,32.64,11.96,14.66,6.6,2.67,4.11,3.11,3.49,7.1
virgA1,Pulcher,arboreal,39.27,11.8,16.13,7.64,3.35,4.88,3.46,4.18,8.06
virgA1,Pulcher,arboreal,39.41,12.07,15.32,7.52,3.32,4.77,3.37,4.15,7.9
virgA1,Pulcher,arboreal,36.82,12.42,14.8,7.48,2.68,4.66,3.62,3.86,8.29
virgA1,Pulcher,arboreal,38.98,11.44,14.09,7.63,2.61,4.94,3.48,4.15,9.29
virgA1,Pulcher,arboreal,36.08,11.46,14.46,7.53,2.57,4.69,3.17,4.36,9.24
virgA1,Pulcher,arboreal,35.06,10.81,14.11,6.71,2.72,4.63,3.33,3.38,7.31
virgA1,Pulcher,arboreal,36.75,11.15,14.15,7.16,2.42,4.37,3.32,3.84,8.15
virgA1,Pulcher,arboreal,34.2,10.64,13.52,6.45,2.91,4.33,2.95,3.5,7.99
virgA1,Pulcher,arboreal,35.08,10.68,13.79,6.54,2.27,3.86,3.25,3.29,7.35
virgA1,Pulcher,arboreal,34.57,11.14,13.8,7.2,2.76,4.28,3.3,3.9,7.83
